country,ISO3,year,sex,C73_deaths,population,ASMR_per_100k,standard_population,mortality_quality,primary_latency_break,observed_status,source,source_url,analysis_role
Australia,AUS,1998,both,66,18711271.0,0.22381819,CI5 Segi/Doll world standard,A,2014,OBSERVED,WHO Mortality Database observed national C73,https://ci5.iarc.who.int/ci5plus/help/,PRIMARY_DESCRIPTIVE
Australia,AUS,1999,both,81,18925855.0,0.24535633,CI5 Segi/Doll world standard,A,2014,OBSERVED,WHO Mortality Database observed national C73,https://ci5.iarc.who.int/ci5plus/help/,PRIMARY_DESCRIPTIVE
Australia,AUS,2000,both,90,19153380.0,0.29080783,CI5 Segi/Doll world standard,A,2014,OBSERVED,WHO Mortality Database observed national C73,https://ci5.iarc.who.int/ci5plus/help/,PRIMARY_DESCRIPTIVE
Australia,AUS,2001,both,88,19413240.0,0.26431864,CI5 Segi/Doll world standard,A,2014,OBSERVED,WHO Mortality Database observed national C73,https://ci5.iarc.who.int/ci5plus/help/,PRIMARY_DESCRIPTIVE
Australia,AUS,2002,both,100,19666322.0,0.29088512,CI5 Segi/Doll world standard,A,2014,OBSERVED,WHO Mortality Database observed national C73,https://ci5.iarc.who.int/ci5plus/help/,PRIMARY_DESCRIPTIVE
Australia,AUS,2003,both,86,19872646.0,0.23030441,CI5 Segi/Doll world standard,A,2014,OBSERVED,WHO Mortality Database observed national C73,https://ci5.iarc.who.int/ci5plus/help/,PRIMARY_DESCRIPTIVE
Australia,AUS,2004,both,93,20132756.0,0.26093436,CI5 Segi/Doll world standard,A,2014,OBSERVED,WHO Mortality Database observed national C73,https://ci5.iarc.who.int/ci5plus/help/,PRIMARY_DESCRIPTIVE
Australia,AUS,2006,both,114,20394791.0,0.29401274,CI5 Segi/Doll world standard,A,2014,OBSERVED,WHO Mortality Database observed national C73,https://ci5.iarc.who.int/ci5plus/help/,PRIMARY_DESCRIPTIVE
Australia,AUS,2007,both,105,21072452.0,0.25557076,CI5 Segi/Doll world standard,A,2014,OBSERVED,WHO Mortality Database observed national C73,https://ci5.iarc.who.int/ci5plus/help/,PRIMARY_DESCRIPTIVE
Australia,AUS,2008,both,105,21498540.0,0.2588836,CI5 Segi/Doll world standard,A,2014,OBSERVED,WHO Mortality Database observed national C73,https://ci5.iarc.who.int/ci5plus/help/,PRIMARY_DESCRIPTIVE
Australia,AUS,2009,both,129,21951736.0,0.30070414,CI5 Segi/Doll world standard,A,2014,OBSERVED,WHO Mortality Database observed national C73,https://ci5.iarc.who.int/ci5plus/help/,PRIMARY_DESCRIPTIVE
Australia,AUS,2010,both,115,22297515.0,0.25558862,CI5 Segi/Doll world standard,A,2014,OBSERVED,WHO Mortality Database observed national C73,https://ci5.iarc.who.int/ci5plus/help/,PRIMARY_DESCRIPTIVE
Australia,AUS,2011,both,117,22340024.0,0.27344595,CI5 Segi/Doll world standard,A,2014,OBSERVED,WHO Mortality Database observed national C73,https://ci5.iarc.who.int/ci5plus/help/,PRIMARY_DESCRIPTIVE
Australia,AUS,2012,both,126,22728254.0,0.2664733,CI5 Segi/Doll world standard,A,2014,OBSERVED,WHO Mortality Database observed national C73,https://ci5.iarc.who.int/ci5plus/help/,PRIMARY_DESCRIPTIVE
Australia,AUS,2013,both,133,23117353.0,0.29136803,CI5 Segi/Doll world standard,A,2014,OBSERVED,WHO Mortality Database observed national C73,https://ci5.iarc.who.int/ci5plus/help/,PRIMARY_DESCRIPTIVE
Australia,AUS,2014,both,133,23504138.0,0.27249691,CI5 Segi/Doll world standard,A,2014,OBSERVED,WHO Mortality Database observed national C73,https://ci5.iarc.who.int/ci5plus/help/,PRIMARY_DESCRIPTIVE
Australia,AUS,2015,both,146,23815995.0,0.28764979,CI5 Segi/Doll world standard,A,2014,OBSERVED,WHO Mortality Database observed national C73,https://ci5.iarc.who.int/ci5plus/help/,PRIMARY_DESCRIPTIVE
Australia,AUS,2016,both,140,24190907.0,0.28026146,CI5 Segi/Doll world standard,A,2014,OBSERVED,WHO Mortality Database observed national C73,https://ci5.iarc.who.int/ci5plus/help/,PRIMARY_DESCRIPTIVE
Australia,AUS,2017,both,143,24594202.0,0.27948981,CI5 Segi/Doll world standard,A,2014,OBSERVED,WHO Mortality Database observed national C73,https://ci5.iarc.who.int/ci5plus/help/,PRIMARY_DESCRIPTIVE
Australia,AUS,2018,both,151,24963258.0,0.27158176,CI5 Segi/Doll world standard,A,2014,OBSERVED,WHO Mortality Database observed national C73,https://ci5.iarc.who.int/ci5plus/help/,PRIMARY_DESCRIPTIVE
Australia,AUS,2019,both,144,25334826.0,0.26504934,CI5 Segi/Doll world standard,A,2014,OBSERVED,WHO Mortality Database observed national C73,https://ci5.iarc.who.int/ci5plus/help/,PRIMARY_DESCRIPTIVE
Australia,AUS,2020,both,113,25649248.0,0.19265779,CI5 Segi/Doll world standard,A,2014,OBSERVED,WHO Mortality Database observed national C73,https://ci5.iarc.who.int/ci5plus/help/,PRIMARY_DESCRIPTIVE
Australia,AUS,2021,both,154,25685412.0,0.24563621,CI5 Segi/Doll world standard,A,2014,OBSERVED,WHO Mortality Database observed national C73,https://ci5.iarc.who.int/ci5plus/help/,PRIMARY_DESCRIPTIVE
Australia,AUS,2022,both,164,26005540.0,0.26177712,CI5 Segi/Doll world standard,A,2014,OBSERVED,WHO Mortality Database observed national C73,https://ci5.iarc.who.int/ci5plus/help/,PRIMARY_DESCRIPTIVE
Australia,AUS,2023,both,191,26638544.0,0.3057399,CI5 Segi/Doll world standard,A,2014,OBSERVED,WHO Mortality Database observed national C73,https://ci5.iarc.who.int/ci5plus/help/,PRIMARY_DESCRIPTIVE
Australia,AUS,2024,both,149,27204809.0,0.21233574,CI5 Segi/Doll world standard,A,2014,OBSERVED,WHO Mortality Database observed national C73,https://ci5.iarc.who.int/ci5plus/help/,PRIMARY_DESCRIPTIVE
Australia,AUS,1998,female,29,9416597.0,0.16952989,CI5 Segi/Doll world standard,A,2014,OBSERVED,WHO Mortality Database observed national C73,https://ci5.iarc.who.int/ci5plus/help/,SEX_SPECIFIC_SECONDARY
Australia,AUS,1999,female,45,9529307.0,0.22909499,CI5 Segi/Doll world standard,A,2014,OBSERVED,WHO Mortality Database observed national C73,https://ci5.iarc.who.int/ci5plus/help/,SEX_SPECIFIC_SECONDARY
Australia,AUS,2000,female,50,9648049.0,0.2898495,CI5 Segi/Doll world standard,A,2014,OBSERVED,WHO Mortality Database observed national C73,https://ci5.iarc.who.int/ci5plus/help/,SEX_SPECIFIC_SECONDARY
Australia,AUS,2001,female,54,9782588.0,0.29649795,CI5 Segi/Doll world standard,A,2014,OBSERVED,WHO Mortality Database observed national C73,https://ci5.iarc.who.int/ci5plus/help/,SEX_SPECIFIC_SECONDARY
Australia,AUS,2002,female,64,9899331.0,0.33525776,CI5 Segi/Doll world standard,A,2014,OBSERVED,WHO Mortality Database observed national C73,https://ci5.iarc.who.int/ci5plus/help/,SEX_SPECIFIC_SECONDARY
Australia,AUS,2003,female,44,9999199.0,0.19452182,CI5 Segi/Doll world standard,A,2014,OBSERVED,WHO Mortality Database observed national C73,https://ci5.iarc.who.int/ci5plus/help/,SEX_SPECIFIC_SECONDARY
Australia,AUS,2004,female,51,10133857.0,0.23991306,CI5 Segi/Doll world standard,A,2014,OBSERVED,WHO Mortality Database observed national C73,https://ci5.iarc.who.int/ci5plus/help/,SEX_SPECIFIC_SECONDARY
Australia,AUS,2006,female,64,10266727.0,0.28050301,CI5 Segi/Doll world standard,A,2014,OBSERVED,WHO Mortality Database observed national C73,https://ci5.iarc.who.int/ci5plus/help/,SEX_SPECIFIC_SECONDARY
Australia,AUS,2007,female,64,10596925.0,0.27851368,CI5 Segi/Doll world standard,A,2014,OBSERVED,WHO Mortality Database observed national C73,https://ci5.iarc.who.int/ci5plus/help/,SEX_SPECIFIC_SECONDARY
Australia,AUS,2008,female,60,10802417.0,0.25793506,CI5 Segi/Doll world standard,A,2014,OBSERVED,WHO Mortality Database observed national C73,https://ci5.iarc.who.int/ci5plus/help/,SEX_SPECIFIC_SECONDARY
Australia,AUS,2009,female,79,11021373.0,0.34045447,CI5 Segi/Doll world standard,A,2014,OBSERVED,WHO Mortality Database observed national C73,https://ci5.iarc.who.int/ci5plus/help/,SEX_SPECIFIC_SECONDARY
Australia,AUS,2010,female,77,11197271.0,0.31614592,CI5 Segi/Doll world standard,A,2014,OBSERVED,WHO Mortality Database observed national C73,https://ci5.iarc.who.int/ci5plus/help/,SEX_SPECIFIC_SECONDARY
Australia,AUS,2011,female,72,11221790.0,0.30363744,CI5 Segi/Doll world standard,A,2014,OBSERVED,WHO Mortality Database observed national C73,https://ci5.iarc.who.int/ci5plus/help/,SEX_SPECIFIC_SECONDARY
Australia,AUS,2012,female,59,11415431.0,0.21352858,CI5 Segi/Doll world standard,A,2014,OBSERVED,WHO Mortality Database observed national C73,https://ci5.iarc.who.int/ci5plus/help/,SEX_SPECIFIC_SECONDARY
Australia,AUS,2013,female,74,11611766.0,0.27128822,CI5 Segi/Doll world standard,A,2014,OBSERVED,WHO Mortality Database observed national C73,https://ci5.iarc.who.int/ci5plus/help/,SEX_SPECIFIC_SECONDARY
Australia,AUS,2014,female,79,11824746.0,0.30425745,CI5 Segi/Doll world standard,A,2014,OBSERVED,WHO Mortality Database observed national C73,https://ci5.iarc.who.int/ci5plus/help/,SEX_SPECIFIC_SECONDARY
Australia,AUS,2015,female,81,11988343.0,0.28778769,CI5 Segi/Doll world standard,A,2014,OBSERVED,WHO Mortality Database observed national C73,https://ci5.iarc.who.int/ci5plus/help/,SEX_SPECIFIC_SECONDARY
Australia,AUS,2016,female,74,12187868.0,0.28768656,CI5 Segi/Doll world standard,A,2014,OBSERVED,WHO Mortality Database observed national C73,https://ci5.iarc.who.int/ci5plus/help/,SEX_SPECIFIC_SECONDARY
Australia,AUS,2017,female,66,12389986.0,0.21877975,CI5 Segi/Doll world standard,A,2014,OBSERVED,WHO Mortality Database observed national C73,https://ci5.iarc.who.int/ci5plus/help/,SEX_SPECIFIC_SECONDARY
Australia,AUS,2018,female,84,12573037.0,0.25463371,CI5 Segi/Doll world standard,A,2014,OBSERVED,WHO Mortality Database observed national C73,https://ci5.iarc.who.int/ci5plus/help/,SEX_SPECIFIC_SECONDARY
Australia,AUS,2019,female,65,12757605.0,0.21253092,CI5 Segi/Doll world standard,A,2014,OBSERVED,WHO Mortality Database observed national C73,https://ci5.iarc.who.int/ci5plus/help/,SEX_SPECIFIC_SECONDARY
Australia,AUS,2020,female,64,12920609.0,0.19368031,CI5 Segi/Doll world standard,A,2014,OBSERVED,WHO Mortality Database observed national C73,https://ci5.iarc.who.int/ci5plus/help/,SEX_SPECIFIC_SECONDARY
Australia,AUS,2021,female,75,12936002.0,0.2085849,CI5 Segi/Doll world standard,A,2014,OBSERVED,WHO Mortality Database observed national C73,https://ci5.iarc.who.int/ci5plus/help/,SEX_SPECIFIC_SECONDARY
Australia,AUS,2022,female,87,13098305.0,0.25523107,CI5 Segi/Doll world standard,A,2014,OBSERVED,WHO Mortality Database observed national C73,https://ci5.iarc.who.int/ci5plus/help/,SEX_SPECIFIC_SECONDARY
Australia,AUS,2023,female,101,13412907.0,0.29428422,CI5 Segi/Doll world standard,A,2014,OBSERVED,WHO Mortality Database observed national C73,https://ci5.iarc.who.int/ci5plus/help/,SEX_SPECIFIC_SECONDARY
Australia,AUS,2024,female,75,13698889.0,0.18690478,CI5 Segi/Doll world standard,A,2014,OBSERVED,WHO Mortality Database observed national C73,https://ci5.iarc.who.int/ci5plus/help/,SEX_SPECIFIC_SECONDARY
Australia,AUS,1998,male,37,9294674.0,0.2831028,CI5 Segi/Doll world standard,A,2014,OBSERVED,WHO Mortality Database observed national C73,https://ci5.iarc.who.int/ci5plus/help/,SEX_SPECIFIC_SECONDARY
Australia,AUS,1999,male,36,9396548.0,0.25583047,CI5 Segi/Doll world standard,A,2014,OBSERVED,WHO Mortality Database observed national C73,https://ci5.iarc.who.int/ci5plus/help/,SEX_SPECIFIC_SECONDARY
Australia,AUS,2000,male,40,9505331.0,0.29045909,CI5 Segi/Doll world standard,A,2014,OBSERVED,WHO Mortality Database observed national C73,https://ci5.iarc.who.int/ci5plus/help/,SEX_SPECIFIC_SECONDARY
Australia,AUS,2001,male,34,9630652.0,0.23588895,CI5 Segi/Doll world standard,A,2014,OBSERVED,WHO Mortality Database observed national C73,https://ci5.iarc.who.int/ci5plus/help/,SEX_SPECIFIC_SECONDARY
Australia,AUS,2002,male,36,9766991.0,0.2403299,CI5 Segi/Doll world standard,A,2014,OBSERVED,WHO Mortality Database observed national C73,https://ci5.iarc.who.int/ci5plus/help/,SEX_SPECIFIC_SECONDARY
Australia,AUS,2003,male,42,9873447.0,0.26446378,CI5 Segi/Doll world standard,A,2014,OBSERVED,WHO Mortality Database observed national C73,https://ci5.iarc.who.int/ci5plus/help/,SEX_SPECIFIC_SECONDARY
Australia,AUS,2004,male,42,9998899.0,0.27524395,CI5 Segi/Doll world standard,A,2014,OBSERVED,WHO Mortality Database observed national C73,https://ci5.iarc.who.int/ci5plus/help/,SEX_SPECIFIC_SECONDARY
Australia,AUS,2006,male,50,10128064.0,0.30162342,CI5 Segi/Doll world standard,A,2014,OBSERVED,WHO Mortality Database observed national C73,https://ci5.iarc.who.int/ci5plus/help/,SEX_SPECIFIC_SECONDARY
Australia,AUS,2007,male,41,10475527.0,0.23031659,CI5 Segi/Doll world standard,A,2014,OBSERVED,WHO Mortality Database observed national C73,https://ci5.iarc.who.int/ci5plus/help/,SEX_SPECIFIC_SECONDARY
Australia,AUS,2008,male,45,10696123.0,0.25327258,CI5 Segi/Doll world standard,A,2014,OBSERVED,WHO Mortality Database observed national C73,https://ci5.iarc.who.int/ci5plus/help/,SEX_SPECIFIC_SECONDARY
Australia,AUS,2009,male,50,10930363.0,0.25731487,CI5 Segi/Doll world standard,A,2014,OBSERVED,WHO Mortality Database observed national C73,https://ci5.iarc.who.int/ci5plus/help/,SEX_SPECIFIC_SECONDARY
Australia,AUS,2010,male,38,11100244.0,0.18635365,CI5 Segi/Doll world standard,A,2014,OBSERVED,WHO Mortality Database observed national C73,https://ci5.iarc.who.int/ci5plus/help/,SEX_SPECIFIC_SECONDARY
Australia,AUS,2011,male,45,11118234.0,0.23738403,CI5 Segi/Doll world standard,A,2014,OBSERVED,WHO Mortality Database observed national C73,https://ci5.iarc.who.int/ci5plus/help/,SEX_SPECIFIC_SECONDARY
Australia,AUS,2012,male,67,11312823.0,0.32192817,CI5 Segi/Doll world standard,A,2014,OBSERVED,WHO Mortality Database observed national C73,https://ci5.iarc.who.int/ci5plus/help/,SEX_SPECIFIC_SECONDARY
Australia,AUS,2013,male,59,11505587.0,0.30496054,CI5 Segi/Doll world standard,A,2014,OBSERVED,WHO Mortality Database observed national C73,https://ci5.iarc.who.int/ci5plus/help/,SEX_SPECIFIC_SECONDARY
Australia,AUS,2014,male,54,11679392.0,0.23743363,CI5 Segi/Doll world standard,A,2014,OBSERVED,WHO Mortality Database observed national C73,https://ci5.iarc.who.int/ci5plus/help/,SEX_SPECIFIC_SECONDARY
Australia,AUS,2015,male,65,11827652.0,0.28320416,CI5 Segi/Doll world standard,A,2014,OBSERVED,WHO Mortality Database observed national C73,https://ci5.iarc.who.int/ci5plus/help/,SEX_SPECIFIC_SECONDARY
Australia,AUS,2016,male,66,12003039.0,0.2756181,CI5 Segi/Doll world standard,A,2014,OBSERVED,WHO Mortality Database observed national C73,https://ci5.iarc.who.int/ci5plus/help/,SEX_SPECIFIC_SECONDARY
Australia,AUS,2017,male,77,12204216.0,0.34227772,CI5 Segi/Doll world standard,A,2014,OBSERVED,WHO Mortality Database observed national C73,https://ci5.iarc.who.int/ci5plus/help/,SEX_SPECIFIC_SECONDARY
Australia,AUS,2018,male,67,12390221.0,0.28693496,CI5 Segi/Doll world standard,A,2014,OBSERVED,WHO Mortality Database observed national C73,https://ci5.iarc.who.int/ci5plus/help/,SEX_SPECIFIC_SECONDARY
Australia,AUS,2019,male,79,12577221.0,0.32227314,CI5 Segi/Doll world standard,A,2014,OBSERVED,WHO Mortality Database observed national C73,https://ci5.iarc.who.int/ci5plus/help/,SEX_SPECIFIC_SECONDARY
Australia,AUS,2020,male,49,12728639.0,0.19109637,CI5 Segi/Doll world standard,A,2014,OBSERVED,WHO Mortality Database observed national C73,https://ci5.iarc.who.int/ci5plus/help/,SEX_SPECIFIC_SECONDARY
Australia,AUS,2021,male,79,12749410.0,0.2840697,CI5 Segi/Doll world standard,A,2014,OBSERVED,WHO Mortality Database observed national C73,https://ci5.iarc.who.int/ci5plus/help/,SEX_SPECIFIC_SECONDARY
Australia,AUS,2022,male,77,12907235.0,0.27069009,CI5 Segi/Doll world standard,A,2014,OBSERVED,WHO Mortality Database observed national C73,https://ci5.iarc.who.int/ci5plus/help/,SEX_SPECIFIC_SECONDARY
Australia,AUS,2023,male,90,13225637.0,0.31802131,CI5 Segi/Doll world standard,A,2014,OBSERVED,WHO Mortality Database observed national C73,https://ci5.iarc.who.int/ci5plus/help/,SEX_SPECIFIC_SECONDARY
Australia,AUS,2024,male,74,13505920.0,0.23818741,CI5 Segi/Doll world standard,A,2014,OBSERVED,WHO Mortality Database observed national C73,https://ci5.iarc.who.int/ci5plus/help/,SEX_SPECIFIC_SECONDARY
Croatia,HRV,1995,both,26,4776100.0,0.31697329,CI5 Segi/Doll world standard,A,2001,OBSERVED,WHO Mortality Database observed national C73,https://ci5.iarc.who.int/ci5plus/help/,PRIMARY_DESCRIPTIVE
Croatia,HRV,1996,both,42,4493500.0,0.597984,CI5 Segi/Doll world standard,A,2001,OBSERVED,WHO Mortality Database observed national C73,https://ci5.iarc.who.int/ci5plus/help/,PRIMARY_DESCRIPTIVE
Croatia,HRV,1997,both,30,4572600.0,0.4072917,CI5 Segi/Doll world standard,A,2001,OBSERVED,WHO Mortality Database observed national C73,https://ci5.iarc.who.int/ci5plus/help/,PRIMARY_DESCRIPTIVE
Croatia,HRV,1998,both,38,4501100.0,0.55169429,CI5 Segi/Doll world standard,A,2001,OBSERVED,WHO Mortality Database observed national C73,https://ci5.iarc.who.int/ci5plus/help/,PRIMARY_DESCRIPTIVE
Croatia,HRV,1999,both,39,4553700.0,0.55496703,CI5 Segi/Doll world standard,A,2001,OBSERVED,WHO Mortality Database observed national C73,https://ci5.iarc.who.int/ci5plus/help/,PRIMARY_DESCRIPTIVE
Croatia,HRV,2000,both,38,4381100.0,0.60446415,CI5 Segi/Doll world standard,A,2001,OBSERVED,WHO Mortality Database observed national C73,https://ci5.iarc.who.int/ci5plus/help/,PRIMARY_DESCRIPTIVE
Croatia,HRV,2001,both,23,4418155.0,0.23732112,CI5 Segi/Doll world standard,A,2001,OBSERVED,WHO Mortality Database observed national C73,https://ci5.iarc.who.int/ci5plus/help/,PRIMARY_DESCRIPTIVE
Croatia,HRV,2002,both,37,4443200.0,0.39323142,CI5 Segi/Doll world standard,A,2001,OBSERVED,WHO Mortality Database observed national C73,https://ci5.iarc.who.int/ci5plus/help/,PRIMARY_DESCRIPTIVE
Croatia,HRV,2003,both,36,4441800.0,0.40967938,CI5 Segi/Doll world standard,A,2001,OBSERVED,WHO Mortality Database observed national C73,https://ci5.iarc.who.int/ci5plus/help/,PRIMARY_DESCRIPTIVE
Croatia,HRV,2004,both,38,4439400.0,0.38740997,CI5 Segi/Doll world standard,A,2001,OBSERVED,WHO Mortality Database observed national C73,https://ci5.iarc.who.int/ci5plus/help/,PRIMARY_DESCRIPTIVE
Croatia,HRV,2005,both,35,4441946.0,0.39011342,CI5 Segi/Doll world standard,A,2001,OBSERVED,WHO Mortality Database observed national C73,https://ci5.iarc.who.int/ci5plus/help/,PRIMARY_DESCRIPTIVE
Croatia,HRV,2006,both,36,4440022.0,0.35094728,CI5 Segi/Doll world standard,A,2001,OBSERVED,WHO Mortality Database observed national C73,https://ci5.iarc.who.int/ci5plus/help/,PRIMARY_DESCRIPTIVE
Croatia,HRV,2007,both,29,4435982.0,0.3081452,CI5 Segi/Doll world standard,A,2001,OBSERVED,WHO Mortality Database observed national C73,https://ci5.iarc.who.int/ci5plus/help/,PRIMARY_DESCRIPTIVE
Croatia,HRV,2008,both,47,4434508.0,0.49723181,CI5 Segi/Doll world standard,A,2001,OBSERVED,WHO Mortality Database observed national C73,https://ci5.iarc.who.int/ci5plus/help/,PRIMARY_DESCRIPTIVE
Croatia,HRV,2009,both,29,4429078.0,0.24199812,CI5 Segi/Doll world standard,A,2001,OBSERVED,WHO Mortality Database observed national C73,https://ci5.iarc.who.int/ci5plus/help/,PRIMARY_DESCRIPTIVE
Croatia,HRV,2010,both,43,4417781.0,0.50308259,CI5 Segi/Doll world standard,A,2001,OBSERVED,WHO Mortality Database observed national C73,https://ci5.iarc.who.int/ci5plus/help/,PRIMARY_DESCRIPTIVE
Croatia,HRV,2011,both,30,4402788.0,0.27129049,CI5 Segi/Doll world standard,A,2001,OBSERVED,WHO Mortality Database observed national C73,https://ci5.iarc.who.int/ci5plus/help/,PRIMARY_DESCRIPTIVE
Croatia,HRV,2012,both,39,4260368.0,0.38956345,CI5 Segi/Doll world standard,A,2001,OBSERVED,WHO Mortality Database observed national C73,https://ci5.iarc.who.int/ci5plus/help/,PRIMARY_DESCRIPTIVE
Croatia,HRV,2013,both,51,4233922.0,0.49925169,CI5 Segi/Doll world standard,A,2001,OBSERVED,WHO Mortality Database observed national C73,https://ci5.iarc.who.int/ci5plus/help/,PRIMARY_DESCRIPTIVE
Croatia,HRV,2014,both,47,4201598.0,0.43112673,CI5 Segi/Doll world standard,A,2001,OBSERVED,WHO Mortality Database observed national C73,https://ci5.iarc.who.int/ci5plus/help/,PRIMARY_DESCRIPTIVE
Croatia,HRV,2015,both,27,4151725.0,0.25508997,CI5 Segi/Doll world standard,A,2001,OBSERVED,WHO Mortality Database observed national C73,https://ci5.iarc.who.int/ci5plus/help/,PRIMARY_DESCRIPTIVE
Croatia,HRV,2016,both,42,4106867.0,0.42340621,CI5 Segi/Doll world standard,A,2001,OBSERVED,WHO Mortality Database observed national C73,https://ci5.iarc.who.int/ci5plus/help/,PRIMARY_DESCRIPTIVE
Croatia,HRV,2017,both,35,4041407.0,0.31200837,CI5 Segi/Doll world standard,A,2001,OBSERVED,WHO Mortality Database observed national C73,https://ci5.iarc.who.int/ci5plus/help/,PRIMARY_DESCRIPTIVE
Croatia,HRV,2018,both,43,3988775.0,0.3295988,CI5 Segi/Doll world standard,A,2001,OBSERVED,WHO Mortality Database observed national C73,https://ci5.iarc.who.int/ci5plus/help/,PRIMARY_DESCRIPTIVE
Croatia,HRV,2019,both,35,3949390.0,0.31032018,CI5 Segi/Doll world standard,A,2001,OBSERVED,WHO Mortality Database observed national C73,https://ci5.iarc.who.int/ci5plus/help/,PRIMARY_DESCRIPTIVE
Croatia,HRV,2020,both,25,3914206.0,0.24477083,CI5 Segi/Doll world standard,A,2001,OBSERVED,WHO Mortality Database observed national C73,https://ci5.iarc.who.int/ci5plus/help/,PRIMARY_DESCRIPTIVE
Croatia,HRV,2021,both,36,3878981.0,0.36033851,CI5 Segi/Doll world standard,A,2001,OBSERVED,WHO Mortality Database observed national C73,https://ci5.iarc.who.int/ci5plus/help/,PRIMARY_DESCRIPTIVE
Croatia,HRV,2023,both,30,3859686.0,0.24207331,CI5 Segi/Doll world standard,A,2001,OBSERVED,WHO Mortality Database observed national C73,https://ci5.iarc.who.int/ci5plus/help/,PRIMARY_DESCRIPTIVE
Croatia,HRV,1995,female,16,2463300.0,0.31308218,CI5 Segi/Doll world standard,A,2001,OBSERVED,WHO Mortality Database observed national C73,https://ci5.iarc.who.int/ci5plus/help/,SEX_SPECIFIC_SECONDARY
Croatia,HRV,1996,female,24,2334100.0,0.52260543,CI5 Segi/Doll world standard,A,2001,OBSERVED,WHO Mortality Database observed national C73,https://ci5.iarc.who.int/ci5plus/help/,SEX_SPECIFIC_SECONDARY
Croatia,HRV,1997,female,18,2374900.0,0.36782177,CI5 Segi/Doll world standard,A,2001,OBSERVED,WHO Mortality Database observed national C73,https://ci5.iarc.who.int/ci5plus/help/,SEX_SPECIFIC_SECONDARY
Croatia,HRV,1998,female,30,2337900.0,0.68818075,CI5 Segi/Doll world standard,A,2001,OBSERVED,WHO Mortality Database observed national C73,https://ci5.iarc.who.int/ci5plus/help/,SEX_SPECIFIC_SECONDARY
Croatia,HRV,1999,female,26,2365400.0,0.60453559,CI5 Segi/Doll world standard,A,2001,OBSERVED,WHO Mortality Database observed national C73,https://ci5.iarc.who.int/ci5plus/help/,SEX_SPECIFIC_SECONDARY
Croatia,HRV,2000,female,19,2275700.0,0.53683183,CI5 Segi/Doll world standard,A,2001,OBSERVED,WHO Mortality Database observed national C73,https://ci5.iarc.who.int/ci5plus/help/,SEX_SPECIFIC_SECONDARY
Croatia,HRV,2001,female,15,2291020.0,0.23294162,CI5 Segi/Doll world standard,A,2001,OBSERVED,WHO Mortality Database observed national C73,https://ci5.iarc.who.int/ci5plus/help/,SEX_SPECIFIC_SECONDARY
Croatia,HRV,2002,female,25,2304700.0,0.4314875,CI5 Segi/Doll world standard,A,2001,OBSERVED,WHO Mortality Database observed national C73,https://ci5.iarc.who.int/ci5plus/help/,SEX_SPECIFIC_SECONDARY
Croatia,HRV,2003,female,25,2304100.0,0.4599337,CI5 Segi/Doll world standard,A,2001,OBSERVED,WHO Mortality Database observed national C73,https://ci5.iarc.who.int/ci5plus/help/,SEX_SPECIFIC_SECONDARY
Croatia,HRV,2004,female,22,2302500.0,0.39637823,CI5 Segi/Doll world standard,A,2001,OBSERVED,WHO Mortality Database observed national C73,https://ci5.iarc.who.int/ci5plus/help/,SEX_SPECIFIC_SECONDARY
Croatia,HRV,2005,female,22,2303305.0,0.40748954,CI5 Segi/Doll world standard,A,2001,OBSERVED,WHO Mortality Database observed national C73,https://ci5.iarc.who.int/ci5plus/help/,SEX_SPECIFIC_SECONDARY
Croatia,HRV,2006,female,27,2301088.0,0.44784141,CI5 Segi/Doll world standard,A,2001,OBSERVED,WHO Mortality Database observed national C73,https://ci5.iarc.who.int/ci5plus/help/,SEX_SPECIFIC_SECONDARY
Croatia,HRV,2007,female,17,2297998.0,0.27629777,CI5 Segi/Doll world standard,A,2001,OBSERVED,WHO Mortality Database observed national C73,https://ci5.iarc.who.int/ci5plus/help/,SEX_SPECIFIC_SECONDARY
Croatia,HRV,2008,female,32,2296486.0,0.56291708,CI5 Segi/Doll world standard,A,2001,OBSERVED,WHO Mortality Database observed national C73,https://ci5.iarc.who.int/ci5plus/help/,SEX_SPECIFIC_SECONDARY
Croatia,HRV,2009,female,22,2292847.0,0.27592147,CI5 Segi/Doll world standard,A,2001,OBSERVED,WHO Mortality Database observed national C73,https://ci5.iarc.who.int/ci5plus/help/,SEX_SPECIFIC_SECONDARY
Croatia,HRV,2010,female,24,2285969.0,0.41663205,CI5 Segi/Doll world standard,A,2001,OBSERVED,WHO Mortality Database observed national C73,https://ci5.iarc.who.int/ci5plus/help/,SEX_SPECIFIC_SECONDARY
Croatia,HRV,2011,female,22,2277603.0,0.31942867,CI5 Segi/Doll world standard,A,2001,OBSERVED,WHO Mortality Database observed national C73,https://ci5.iarc.who.int/ci5plus/help/,SEX_SPECIFIC_SECONDARY
Croatia,HRV,2012,female,22,2206194.0,0.35431751,CI5 Segi/Doll world standard,A,2001,OBSERVED,WHO Mortality Database observed national C73,https://ci5.iarc.who.int/ci5plus/help/,SEX_SPECIFIC_SECONDARY
Croatia,HRV,2013,female,39,2194025.0,0.63742206,CI5 Segi/Doll world standard,A,2001,OBSERVED,WHO Mortality Database observed national C73,https://ci5.iarc.who.int/ci5plus/help/,SEX_SPECIFIC_SECONDARY
Croatia,HRV,2014,female,35,2179433.0,0.55087674,CI5 Segi/Doll world standard,A,2001,OBSERVED,WHO Mortality Database observed national C73,https://ci5.iarc.who.int/ci5plus/help/,SEX_SPECIFIC_SECONDARY
Croatia,HRV,2015,female,16,2156329.0,0.22497387,CI5 Segi/Doll world standard,A,2001,OBSERVED,WHO Mortality Database observed national C73,https://ci5.iarc.who.int/ci5plus/help/,SEX_SPECIFIC_SECONDARY
Croatia,HRV,2016,female,24,2135335.0,0.40832529,CI5 Segi/Doll world standard,A,2001,OBSERVED,WHO Mortality Database observed national C73,https://ci5.iarc.who.int/ci5plus/help/,SEX_SPECIFIC_SECONDARY
Croatia,HRV,2017,female,23,2104450.0,0.32990141,CI5 Segi/Doll world standard,A,2001,OBSERVED,WHO Mortality Database observed national C73,https://ci5.iarc.who.int/ci5plus/help/,SEX_SPECIFIC_SECONDARY
Croatia,HRV,2018,female,25,2077112.0,0.32500277,CI5 Segi/Doll world standard,A,2001,OBSERVED,WHO Mortality Database observed national C73,https://ci5.iarc.who.int/ci5plus/help/,SEX_SPECIFIC_SECONDARY
Croatia,HRV,2019,female,21,2052740.0,0.25048658,CI5 Segi/Doll world standard,A,2001,OBSERVED,WHO Mortality Database observed national C73,https://ci5.iarc.who.int/ci5plus/help/,SEX_SPECIFIC_SECONDARY
Croatia,HRV,2020,female,11,2031440.0,0.1268832,CI5 Segi/Doll world standard,A,2001,OBSERVED,WHO Mortality Database observed national C73,https://ci5.iarc.who.int/ci5plus/help/,SEX_SPECIFIC_SECONDARY
Croatia,HRV,2021,female,15,2011026.0,0.15623684,CI5 Segi/Doll world standard,A,2001,OBSERVED,WHO Mortality Database observed national C73,https://ci5.iarc.who.int/ci5plus/help/,SEX_SPECIFIC_SECONDARY
Croatia,HRV,2023,female,20,1990202.0,0.26627658,CI5 Segi/Doll world standard,A,2001,OBSERVED,WHO Mortality Database observed national C73,https://ci5.iarc.who.int/ci5plus/help/,SEX_SPECIFIC_SECONDARY
Croatia,HRV,1995,male,10,2312800.0,0.29936508,CI5 Segi/Doll world standard,A,2001,OBSERVED,WHO Mortality Database observed national C73,https://ci5.iarc.who.int/ci5plus/help/,SEX_SPECIFIC_SECONDARY
Croatia,HRV,1996,male,18,2159400.0,0.63498687,CI5 Segi/Doll world standard,A,2001,OBSERVED,WHO Mortality Database observed national C73,https://ci5.iarc.who.int/ci5plus/help/,SEX_SPECIFIC_SECONDARY
Croatia,HRV,1997,male,12,2197700.0,0.46484328,CI5 Segi/Doll world standard,A,2001,OBSERVED,WHO Mortality Database observed national C73,https://ci5.iarc.who.int/ci5plus/help/,SEX_SPECIFIC_SECONDARY
Croatia,HRV,1998,male,8,2163200.0,0.28380085,CI5 Segi/Doll world standard,A,2001,OBSERVED,WHO Mortality Database observed national C73,https://ci5.iarc.who.int/ci5plus/help/,SEX_SPECIFIC_SECONDARY
Croatia,HRV,1999,male,13,2188300.0,0.45343221,CI5 Segi/Doll world standard,A,2001,OBSERVED,WHO Mortality Database observed national C73,https://ci5.iarc.who.int/ci5plus/help/,SEX_SPECIFIC_SECONDARY
Croatia,HRV,2000,male,19,2105400.0,0.75169937,CI5 Segi/Doll world standard,A,2001,OBSERVED,WHO Mortality Database observed national C73,https://ci5.iarc.who.int/ci5plus/help/,SEX_SPECIFIC_SECONDARY
Croatia,HRV,2001,male,8,2127135.0,0.21770921,CI5 Segi/Doll world standard,A,2001,OBSERVED,WHO Mortality Database observed national C73,https://ci5.iarc.who.int/ci5plus/help/,SEX_SPECIFIC_SECONDARY
Croatia,HRV,2002,male,12,2138500.0,0.3208778,CI5 Segi/Doll world standard,A,2001,OBSERVED,WHO Mortality Database observed national C73,https://ci5.iarc.who.int/ci5plus/help/,SEX_SPECIFIC_SECONDARY
Croatia,HRV,2003,male,11,2137700.0,0.36593655,CI5 Segi/Doll world standard,A,2001,OBSERVED,WHO Mortality Database observed national C73,https://ci5.iarc.who.int/ci5plus/help/,SEX_SPECIFIC_SECONDARY
Croatia,HRV,2004,male,16,2136900.0,0.38910341,CI5 Segi/Doll world standard,A,2001,OBSERVED,WHO Mortality Database observed national C73,https://ci5.iarc.who.int/ci5plus/help/,SEX_SPECIFIC_SECONDARY
Croatia,HRV,2005,male,13,2138641.0,0.35460352,CI5 Segi/Doll world standard,A,2001,OBSERVED,WHO Mortality Database observed national C73,https://ci5.iarc.who.int/ci5plus/help/,SEX_SPECIFIC_SECONDARY
Croatia,HRV,2006,male,9,2138934.0,0.21075678,CI5 Segi/Doll world standard,A,2001,OBSERVED,WHO Mortality Database observed national C73,https://ci5.iarc.who.int/ci5plus/help/,SEX_SPECIFIC_SECONDARY
Croatia,HRV,2007,male,12,2137984.0,0.32647868,CI5 Segi/Doll world standard,A,2001,OBSERVED,WHO Mortality Database observed national C73,https://ci5.iarc.who.int/ci5plus/help/,SEX_SPECIFIC_SECONDARY
Croatia,HRV,2008,male,15,2138022.0,0.385991,CI5 Segi/Doll world standard,A,2001,OBSERVED,WHO Mortality Database observed national C73,https://ci5.iarc.who.int/ci5plus/help/,SEX_SPECIFIC_SECONDARY
Croatia,HRV,2009,male,7,2136231.0,0.16255795,CI5 Segi/Doll world standard,A,2001,OBSERVED,WHO Mortality Database observed national C73,https://ci5.iarc.who.int/ci5plus/help/,SEX_SPECIFIC_SECONDARY
Croatia,HRV,2010,male,19,2131812.0,0.56466208,CI5 Segi/Doll world standard,A,2001,OBSERVED,WHO Mortality Database observed national C73,https://ci5.iarc.who.int/ci5plus/help/,SEX_SPECIFIC_SECONDARY
Croatia,HRV,2011,male,8,2125185.0,0.19456502,CI5 Segi/Doll world standard,A,2001,OBSERVED,WHO Mortality Database observed national C73,https://ci5.iarc.who.int/ci5plus/help/,SEX_SPECIFIC_SECONDARY
Croatia,HRV,2012,male,17,2054174.0,0.41519025,CI5 Segi/Doll world standard,A,2001,OBSERVED,WHO Mortality Database observed national C73,https://ci5.iarc.who.int/ci5plus/help/,SEX_SPECIFIC_SECONDARY
Croatia,HRV,2013,male,12,2039897.0,0.2914274,CI5 Segi/Doll world standard,A,2001,OBSERVED,WHO Mortality Database observed national C73,https://ci5.iarc.who.int/ci5plus/help/,SEX_SPECIFIC_SECONDARY
Croatia,HRV,2014,male,12,2022165.0,0.27768758,CI5 Segi/Doll world standard,A,2001,OBSERVED,WHO Mortality Database observed national C73,https://ci5.iarc.who.int/ci5plus/help/,SEX_SPECIFIC_SECONDARY
Croatia,HRV,2015,male,11,1995396.0,0.28990021,CI5 Segi/Doll world standard,A,2001,OBSERVED,WHO Mortality Database observed national C73,https://ci5.iarc.who.int/ci5plus/help/,SEX_SPECIFIC_SECONDARY
Croatia,HRV,2016,male,18,1971532.0,0.43066286,CI5 Segi/Doll world standard,A,2001,OBSERVED,WHO Mortality Database observed national C73,https://ci5.iarc.who.int/ci5plus/help/,SEX_SPECIFIC_SECONDARY
Croatia,HRV,2017,male,12,1936957.0,0.27117014,CI5 Segi/Doll world standard,A,2001,OBSERVED,WHO Mortality Database observed national C73,https://ci5.iarc.who.int/ci5plus/help/,SEX_SPECIFIC_SECONDARY
Croatia,HRV,2018,male,18,1911663.0,0.35939355,CI5 Segi/Doll world standard,A,2001,OBSERVED,WHO Mortality Database observed national C73,https://ci5.iarc.who.int/ci5plus/help/,SEX_SPECIFIC_SECONDARY
Croatia,HRV,2019,male,14,1896650.0,0.36010743,CI5 Segi/Doll world standard,A,2001,OBSERVED,WHO Mortality Database observed national C73,https://ci5.iarc.who.int/ci5plus/help/,SEX_SPECIFIC_SECONDARY
Croatia,HRV,2020,male,14,1882766.0,0.36573925,CI5 Segi/Doll world standard,A,2001,OBSERVED,WHO Mortality Database observed national C73,https://ci5.iarc.who.int/ci5plus/help/,SEX_SPECIFIC_SECONDARY
Croatia,HRV,2021,male,21,1867955.0,0.57078144,CI5 Segi/Doll world standard,A,2001,OBSERVED,WHO Mortality Database observed national C73,https://ci5.iarc.who.int/ci5plus/help/,SEX_SPECIFIC_SECONDARY
Croatia,HRV,2023,male,10,1869484.0,0.21791741,CI5 Segi/Doll world standard,A,2001,OBSERVED,WHO Mortality Database observed national C73,https://ci5.iarc.who.int/ci5plus/help/,SEX_SPECIFIC_SECONDARY
New Zealand,NZL,2001,both,14,3880480.0,0.3,WHO world standard as published by Health NZ,OFFICIAL_NATIONAL_2022_PROVISIONAL_2023_PRELIMINARY,2014,OBSERVED,Health New Zealand Cancer data web tool / Mortality Collection,https://tewhatuora.shinyapps.io/cancer-web-tool/,PRIMARY_DESCRIPTIVE
New Zealand,NZL,2002,both,19,3948450.0,0.3,WHO world standard as published by Health NZ,OFFICIAL_NATIONAL_2022_PROVISIONAL_2023_PRELIMINARY,2014,OBSERVED,Health New Zealand Cancer data web tool / Mortality Collection,https://tewhatuora.shinyapps.io/cancer-web-tool/,PRIMARY_DESCRIPTIVE
New Zealand,NZL,2003,both,21,4027230.0,0.4,WHO world standard as published by Health NZ,OFFICIAL_NATIONAL_2022_PROVISIONAL_2023_PRELIMINARY,2014,OBSERVED,Health New Zealand Cancer data web tool / Mortality Collection,https://tewhatuora.shinyapps.io/cancer-web-tool/,PRIMARY_DESCRIPTIVE
New Zealand,NZL,2004,both,29,4087530.0,0.5,WHO world standard as published by Health NZ,OFFICIAL_NATIONAL_2022_PROVISIONAL_2023_PRELIMINARY,2014,OBSERVED,Health New Zealand Cancer data web tool / Mortality Collection,https://tewhatuora.shinyapps.io/cancer-web-tool/,PRIMARY_DESCRIPTIVE
New Zealand,NZL,2005,both,21,4133850.0,0.4,WHO world standard as published by Health NZ,OFFICIAL_NATIONAL_2022_PROVISIONAL_2023_PRELIMINARY,2014,OBSERVED,Health New Zealand Cancer data web tool / Mortality Collection,https://tewhatuora.shinyapps.io/cancer-web-tool/,PRIMARY_DESCRIPTIVE
New Zealand,NZL,2006,both,34,4184580.0,0.6,WHO world standard as published by Health NZ,OFFICIAL_NATIONAL_2022_PROVISIONAL_2023_PRELIMINARY,2014,OBSERVED,Health New Zealand Cancer data web tool / Mortality Collection,https://tewhatuora.shinyapps.io/cancer-web-tool/,PRIMARY_DESCRIPTIVE
New Zealand,NZL,2007,both,20,4223780.0,0.3,WHO world standard as published by Health NZ,OFFICIAL_NATIONAL_2022_PROVISIONAL_2023_PRELIMINARY,2014,OBSERVED,Health New Zealand Cancer data web tool / Mortality Collection,https://tewhatuora.shinyapps.io/cancer-web-tool/,PRIMARY_DESCRIPTIVE
New Zealand,NZL,2008,both,23,4259760.0,0.4,WHO world standard as published by Health NZ,OFFICIAL_NATIONAL_2022_PROVISIONAL_2023_PRELIMINARY,2014,OBSERVED,Health New Zealand Cancer data web tool / Mortality Collection,https://tewhatuora.shinyapps.io/cancer-web-tool/,PRIMARY_DESCRIPTIVE
New Zealand,NZL,2009,both,21,4302620.0,0.3,WHO world standard as published by Health NZ,OFFICIAL_NATIONAL_2022_PROVISIONAL_2023_PRELIMINARY,2014,OBSERVED,Health New Zealand Cancer data web tool / Mortality Collection,https://tewhatuora.shinyapps.io/cancer-web-tool/,PRIMARY_DESCRIPTIVE
New Zealand,NZL,2010,both,25,4350680.0,0.4,WHO world standard as published by Health NZ,OFFICIAL_NATIONAL_2022_PROVISIONAL_2023_PRELIMINARY,2014,OBSERVED,Health New Zealand Cancer data web tool / Mortality Collection,https://tewhatuora.shinyapps.io/cancer-web-tool/,PRIMARY_DESCRIPTIVE
New Zealand,NZL,2011,both,32,4383980.0,0.5,WHO world standard as published by Health NZ,OFFICIAL_NATIONAL_2022_PROVISIONAL_2023_PRELIMINARY,2014,OBSERVED,Health New Zealand Cancer data web tool / Mortality Collection,https://tewhatuora.shinyapps.io/cancer-web-tool/,PRIMARY_DESCRIPTIVE
New Zealand,NZL,2012,both,30,4408050.0,0.4,WHO world standard as published by Health NZ,OFFICIAL_NATIONAL_2022_PROVISIONAL_2023_PRELIMINARY,2014,OBSERVED,Health New Zealand Cancer data web tool / Mortality Collection,https://tewhatuora.shinyapps.io/cancer-web-tool/,PRIMARY_DESCRIPTIVE
New Zealand,NZL,2013,both,22,4442090.0,0.3,WHO world standard as published by Health NZ,OFFICIAL_NATIONAL_2022_PROVISIONAL_2023_PRELIMINARY,2014,OBSERVED,Health New Zealand Cancer data web tool / Mortality Collection,https://tewhatuora.shinyapps.io/cancer-web-tool/,PRIMARY_DESCRIPTIVE
New Zealand,NZL,2014,both,28,4516470.0,0.4,WHO world standard as published by Health NZ,OFFICIAL_NATIONAL_2022_PROVISIONAL_2023_PRELIMINARY,2014,OBSERVED,Health New Zealand Cancer data web tool / Mortality Collection,https://tewhatuora.shinyapps.io/cancer-web-tool/,PRIMARY_DESCRIPTIVE
New Zealand,NZL,2015,both,33,4609370.0,0.4,WHO world standard as published by Health NZ,OFFICIAL_NATIONAL_2022_PROVISIONAL_2023_PRELIMINARY,2014,OBSERVED,Health New Zealand Cancer data web tool / Mortality Collection,https://tewhatuora.shinyapps.io/cancer-web-tool/,PRIMARY_DESCRIPTIVE
New Zealand,NZL,2016,both,28,4714120.0,0.4,WHO world standard as published by Health NZ,OFFICIAL_NATIONAL_2022_PROVISIONAL_2023_PRELIMINARY,2014,OBSERVED,Health New Zealand Cancer data web tool / Mortality Collection,https://tewhatuora.shinyapps.io/cancer-web-tool/,PRIMARY_DESCRIPTIVE
New Zealand,NZL,2017,both,24,4813590.0,0.3,WHO world standard as published by Health NZ,OFFICIAL_NATIONAL_2022_PROVISIONAL_2023_PRELIMINARY,2014,OBSERVED,Health New Zealand Cancer data web tool / Mortality Collection,https://tewhatuora.shinyapps.io/cancer-web-tool/,PRIMARY_DESCRIPTIVE
New Zealand,NZL,2018,both,29,4900620.0,0.3,WHO world standard as published by Health NZ,OFFICIAL_NATIONAL_2022_PROVISIONAL_2023_PRELIMINARY,2014,OBSERVED,Health New Zealand Cancer data web tool / Mortality Collection,https://tewhatuora.shinyapps.io/cancer-web-tool/,PRIMARY_DESCRIPTIVE
New Zealand,NZL,2019,both,27,4970330.0,0.3,WHO world standard as published by Health NZ,OFFICIAL_NATIONAL_2022_PROVISIONAL_2023_PRELIMINARY,2014,OBSERVED,Health New Zealand Cancer data web tool / Mortality Collection,https://tewhatuora.shinyapps.io/cancer-web-tool/,PRIMARY_DESCRIPTIVE
New Zealand,NZL,2020,both,26,5072440.0,0.3,WHO world standard as published by Health NZ,OFFICIAL_NATIONAL_2022_PROVISIONAL_2023_PRELIMINARY,2014,OBSERVED,Health New Zealand Cancer data web tool / Mortality Collection,https://tewhatuora.shinyapps.io/cancer-web-tool/,PRIMARY_DESCRIPTIVE
New Zealand,NZL,2021,both,34,5084540.0,0.3,WHO world standard as published by Health NZ,OFFICIAL_NATIONAL_2022_PROVISIONAL_2023_PRELIMINARY,2014,OBSERVED,Health New Zealand Cancer data web tool / Mortality Collection,https://tewhatuora.shinyapps.io/cancer-web-tool/,PRIMARY_DESCRIPTIVE
New Zealand,NZL,2022,both,38,5081730.0,0.4,WHO world standard as published by Health NZ,OFFICIAL_NATIONAL_2022_PROVISIONAL_2023_PRELIMINARY,2014,OBSERVED,Health New Zealand Cancer data web tool / Mortality Collection,https://tewhatuora.shinyapps.io/cancer-web-tool/,PRIMARY_DESCRIPTIVE
New Zealand,NZL,2023,both,29,5200060.0,0.3,WHO world standard as published by Health NZ,OFFICIAL_NATIONAL_2022_PROVISIONAL_2023_PRELIMINARY,2014,OBSERVED,Health New Zealand Cancer data web tool / Mortality Collection,https://tewhatuora.shinyapps.io/cancer-web-tool/,PRIMARY_DESCRIPTIVE
New Zealand,NZL,2000,female,11,1964040.0,0.33810939,CI5 Segi/Doll world standard,A,2014,OBSERVED,WHO Mortality Database observed national C73,https://ci5.iarc.who.int/ci5plus/help/,SEX_SPECIFIC_SECONDARY
New Zealand,NZL,2001,female,7,1977270.0,0.23896396,CI5 Segi/Doll world standard,A,2014,OBSERVED,WHO Mortality Database observed national C73,https://ci5.iarc.who.int/ci5plus/help/,SEX_SPECIFIC_SECONDARY
New Zealand,NZL,2002,female,13,2005120.0,0.32050478,CI5 Segi/Doll world standard,A,2014,OBSERVED,WHO Mortality Database observed national C73,https://ci5.iarc.who.int/ci5plus/help/,SEX_SPECIFIC_SECONDARY
New Zealand,NZL,2003,female,13,2037820.0,0.28911051,CI5 Segi/Doll world standard,A,2014,OBSERVED,WHO Mortality Database observed national C73,https://ci5.iarc.who.int/ci5plus/help/,SEX_SPECIFIC_SECONDARY
New Zealand,NZL,2004,female,19,2083710.0,0.51604068,CI5 Segi/Doll world standard,A,2014,OBSERVED,WHO Mortality Database observed national C73,https://ci5.iarc.who.int/ci5plus/help/,SEX_SPECIFIC_SECONDARY
New Zealand,NZL,2005,female,14,2108560.0,0.44785405,CI5 Segi/Doll world standard,A,2014,OBSERVED,WHO Mortality Database observed national C73,https://ci5.iarc.who.int/ci5plus/help/,SEX_SPECIFIC_SECONDARY
New Zealand,NZL,2006,female,23,2136260.0,0.56966402,CI5 Segi/Doll world standard,A,2014,OBSERVED,WHO Mortality Database observed national C73,https://ci5.iarc.who.int/ci5plus/help/,SEX_SPECIFIC_SECONDARY
New Zealand,NZL,2007,female,14,2157330.0,0.29676388,CI5 Segi/Doll world standard,A,2014,OBSERVED,WHO Mortality Database observed national C73,https://ci5.iarc.who.int/ci5plus/help/,SEX_SPECIFIC_SECONDARY
New Zealand,NZL,2008,female,10,2176560.0,0.27700623,CI5 Segi/Doll world standard,A,2014,OBSERVED,WHO Mortality Database observed national C73,https://ci5.iarc.who.int/ci5plus/help/,SEX_SPECIFIC_SECONDARY
New Zealand,NZL,2009,female,15,2198250.0,0.29919764,CI5 Segi/Doll world standard,A,2014,OBSERVED,WHO Mortality Database observed national C73,https://ci5.iarc.who.int/ci5plus/help/,SEX_SPECIFIC_SECONDARY
New Zealand,NZL,2010,female,21,2222970.0,0.47293519,CI5 Segi/Doll world standard,A,2014,OBSERVED,WHO Mortality Database observed national C73,https://ci5.iarc.who.int/ci5plus/help/,SEX_SPECIFIC_SECONDARY
New Zealand,NZL,2011,female,19,2240440.0,0.49015758,CI5 Segi/Doll world standard,A,2014,OBSERVED,WHO Mortality Database observed national C73,https://ci5.iarc.who.int/ci5plus/help/,SEX_SPECIFIC_SECONDARY
New Zealand,NZL,2012,female,18,2252860.0,0.33503695,CI5 Segi/Doll world standard,A,2014,OBSERVED,WHO Mortality Database observed national C73,https://ci5.iarc.who.int/ci5plus/help/,SEX_SPECIFIC_SECONDARY
New Zealand,NZL,2013,female,11,2269780.0,0.17091614,CI5 Segi/Doll world standard,A,2014,OBSERVED,WHO Mortality Database observed national C73,https://ci5.iarc.who.int/ci5plus/help/,SEX_SPECIFIC_SECONDARY
New Zealand,NZL,2015,female,15,2338570.0,0.3334482,CI5 Segi/Doll world standard,A,2014,OBSERVED,WHO Mortality Database observed national C73,https://ci5.iarc.who.int/ci5plus/help/,SEX_SPECIFIC_SECONDARY
New Zealand,NZL,2016,female,16,2383740.0,0.26591258,CI5 Segi/Doll world standard,A,2014,OBSERVED,WHO Mortality Database observed national C73,https://ci5.iarc.who.int/ci5plus/help/,SEX_SPECIFIC_SECONDARY
New Zealand,NZL,2017,female,11,2430900.0,0.19456513,CI5 Segi/Doll world standard,A,2014,OBSERVED,WHO Mortality Database observed national C73,https://ci5.iarc.who.int/ci5plus/help/,SEX_SPECIFIC_SECONDARY
New Zealand,NZL,2018,female,21,2470510.0,0.39250485,CI5 Segi/Doll world standard,A,2014,OBSERVED,WHO Mortality Database observed national C73,https://ci5.iarc.who.int/ci5plus/help/,SEX_SPECIFIC_SECONDARY
New Zealand,NZL,2020,female,15,2562960.0,0.26459306,CI5 Segi/Doll world standard,A,2014,OBSERVED,WHO Mortality Database observed national C73,https://ci5.iarc.who.int/ci5plus/help/,SEX_SPECIFIC_SECONDARY
New Zealand,NZL,2000,male,6,1893270.0,0.22520934,CI5 Segi/Doll world standard,A,2014,OBSERVED,WHO Mortality Database observed national C73,https://ci5.iarc.who.int/ci5plus/help/,SEX_SPECIFIC_SECONDARY
New Zealand,NZL,2001,male,7,1902820.0,0.28928274,CI5 Segi/Doll world standard,A,2014,OBSERVED,WHO Mortality Database observed national C73,https://ci5.iarc.who.int/ci5plus/help/,SEX_SPECIFIC_SECONDARY
New Zealand,NZL,2002,male,6,1933740.0,0.26446207,CI5 Segi/Doll world standard,A,2014,OBSERVED,WHO Mortality Database observed national C73,https://ci5.iarc.who.int/ci5plus/help/,SEX_SPECIFIC_SECONDARY
New Zealand,NZL,2003,male,8,1970930.0,0.31414836,CI5 Segi/Doll world standard,A,2014,OBSERVED,WHO Mortality Database observed national C73,https://ci5.iarc.who.int/ci5plus/help/,SEX_SPECIFIC_SECONDARY
New Zealand,NZL,2004,male,10,2003420.0,0.37611471,CI5 Segi/Doll world standard,A,2014,OBSERVED,WHO Mortality Database observed national C73,https://ci5.iarc.who.int/ci5plus/help/,SEX_SPECIFIC_SECONDARY
New Zealand,NZL,2005,male,7,2024980.0,0.19746,CI5 Segi/Doll world standard,A,2014,OBSERVED,WHO Mortality Database observed national C73,https://ci5.iarc.who.int/ci5plus/help/,SEX_SPECIFIC_SECONDARY
New Zealand,NZL,2006,male,11,2048340.0,0.40555155,CI5 Segi/Doll world standard,A,2014,OBSERVED,WHO Mortality Database observed national C73,https://ci5.iarc.who.int/ci5plus/help/,SEX_SPECIFIC_SECONDARY
New Zealand,NZL,2007,male,6,2070450.0,0.21257423,CI5 Segi/Doll world standard,A,2014,OBSERVED,WHO Mortality Database observed national C73,https://ci5.iarc.who.int/ci5plus/help/,SEX_SPECIFIC_SECONDARY
New Zealand,NZL,2008,male,13,2091950.0,0.42742826,CI5 Segi/Doll world standard,A,2014,OBSERVED,WHO Mortality Database observed national C73,https://ci5.iarc.who.int/ci5plus/help/,SEX_SPECIFIC_SECONDARY
New Zealand,NZL,2009,male,6,2117220.0,0.17769794,CI5 Segi/Doll world standard,A,2014,OBSERVED,WHO Mortality Database observed national C73,https://ci5.iarc.who.int/ci5plus/help/,SEX_SPECIFIC_SECONDARY
New Zealand,NZL,2010,male,4,2144390.0,0.11172764,CI5 Segi/Doll world standard,A,2014,OBSERVED,WHO Mortality Database observed national C73,https://ci5.iarc.who.int/ci5plus/help/,SEX_SPECIFIC_SECONDARY
New Zealand,NZL,2011,male,13,2164260.0,0.36184495,CI5 Segi/Doll world standard,A,2014,OBSERVED,WHO Mortality Database observed national C73,https://ci5.iarc.who.int/ci5plus/help/,SEX_SPECIFIC_SECONDARY
New Zealand,NZL,2012,male,12,2179850.0,0.36827165,CI5 Segi/Doll world standard,A,2014,OBSERVED,WHO Mortality Database observed national C73,https://ci5.iarc.who.int/ci5plus/help/,SEX_SPECIFIC_SECONDARY
New Zealand,NZL,2013,male,11,2171970.0,0.31705859,CI5 Segi/Doll world standard,A,2014,OBSERVED,WHO Mortality Database observed national C73,https://ci5.iarc.who.int/ci5plus/help/,SEX_SPECIFIC_SECONDARY
New Zealand,NZL,2015,male,18,2257175.0,0.38981637,CI5 Segi/Doll world standard,A,2014,OBSERVED,WHO Mortality Database observed national C73,https://ci5.iarc.who.int/ci5plus/help/,SEX_SPECIFIC_SECONDARY
New Zealand,NZL,2016,male,12,2308620.0,0.32742046,CI5 Segi/Doll world standard,A,2014,OBSERVED,WHO Mortality Database observed national C73,https://ci5.iarc.who.int/ci5plus/help/,SEX_SPECIFIC_SECONDARY
New Zealand,NZL,2017,male,13,2382545.0,0.31871226,CI5 Segi/Doll world standard,A,2014,OBSERVED,WHO Mortality Database observed national C73,https://ci5.iarc.who.int/ci5plus/help/,SEX_SPECIFIC_SECONDARY
New Zealand,NZL,2018,male,8,2430200.0,0.19171294,CI5 Segi/Doll world standard,A,2014,OBSERVED,WHO Mortality Database observed national C73,https://ci5.iarc.who.int/ci5plus/help/,SEX_SPECIFIC_SECONDARY
New Zealand,NZL,2020,male,11,2527215.0,0.19909038,CI5 Segi/Doll world standard,A,2014,OBSERVED,WHO Mortality Database observed national C73,https://ci5.iarc.who.int/ci5plus/help/,SEX_SPECIFIC_SECONDARY
