country,ISO3,year,sex,C73_cases,population,analysis_rate_per_100k,age_group,incidence_rate_per_100k,ASIR_WHO_per_100k,ASIR_Segi_per_100k,analysis_rate_standard,policy_year,primary_break_year,source,source_url,raw_file,raw_file_SHA256,observed_status,model_inclusion,population_status,series_segment
Croatia,HRV,1988,both,169.0,4712258.0,2.8202155686305237,All ages (age-standardised),3.586391067721674,,2.8202155686305237,CI5 Segi/Doll world standard,1996,2001,IARC Cancer Over Time national observed C73 incidence,https://gco-api.iarc.fr/api/overtime/v2/22/,public_p25_data/iarc_cot/thyroid_incidence_02.json,bb70ec8fd7e4fcc34bd3e609b85ab42b1c61716173a50167f4299f3bd45e3e59,OBSERVED,YES,OFFICIAL_PERSON_YEARS_EMBEDDED_WITH_IARC_RECORD,HISTORICAL_IARC_1988_2017
Croatia,HRV,1988,female,129.0,2426982.0,4.45448404,All ages (age-standardised),5.315243376341481,,4.45448404,CI5 Segi/Doll world standard,1996,2001,IARC Cancer Over Time national observed C73 incidence,https://gco-api.iarc.fr/api/overtime/v2/22/,public_p25_data/iarc_cot/thyroid_incidence_02.json,bb70ec8fd7e4fcc34bd3e609b85ab42b1c61716173a50167f4299f3bd45e3e59,OBSERVED,NO,OFFICIAL_PERSON_YEARS_EMBEDDED_WITH_IARC_RECORD,HISTORICAL_IARC_1988_2017
Croatia,HRV,1988,male,40.0,2285276.0,1.37924659,All ages (age-standardised),1.7503356268564496,,1.37924659,CI5 Segi/Doll world standard,1996,2001,IARC Cancer Over Time national observed C73 incidence,https://gco-api.iarc.fr/api/overtime/v2/22/,public_p25_data/iarc_cot/thyroid_incidence_02.json,bb70ec8fd7e4fcc34bd3e609b85ab42b1c61716173a50167f4299f3bd45e3e59,OBSERVED,NO,OFFICIAL_PERSON_YEARS_EMBEDDED_WITH_IARC_RECORD,HISTORICAL_IARC_1988_2017
Croatia,HRV,1989,both,145.0,4684972.0,2.4517465121895925,All ages (age-standardised),3.095002488808898,,2.4517465121895925,CI5 Segi/Doll world standard,1996,2001,IARC Cancer Over Time national observed C73 incidence,https://gco-api.iarc.fr/api/overtime/v2/22/,public_p25_data/iarc_cot/thyroid_incidence_02.json,bb70ec8fd7e4fcc34bd3e609b85ab42b1c61716173a50167f4299f3bd45e3e59,OBSERVED,YES,OFFICIAL_PERSON_YEARS_EMBEDDED_WITH_IARC_RECORD,HISTORICAL_IARC_1988_2017
Croatia,HRV,1989,female,121.0,2417053.0,4.03123697,All ages (age-standardised),5.006096266817484,,4.03123697,CI5 Segi/Doll world standard,1996,2001,IARC Cancer Over Time national observed C73 incidence,https://gco-api.iarc.fr/api/overtime/v2/22/,public_p25_data/iarc_cot/thyroid_incidence_02.json,bb70ec8fd7e4fcc34bd3e609b85ab42b1c61716173a50167f4299f3bd45e3e59,OBSERVED,NO,OFFICIAL_PERSON_YEARS_EMBEDDED_WITH_IARC_RECORD,HISTORICAL_IARC_1988_2017
Croatia,HRV,1989,male,24.0,2267919.0,0.88882476,All ages (age-standardised),1.0582388524457884,,0.88882476,CI5 Segi/Doll world standard,1996,2001,IARC Cancer Over Time national observed C73 incidence,https://gco-api.iarc.fr/api/overtime/v2/22/,public_p25_data/iarc_cot/thyroid_incidence_02.json,bb70ec8fd7e4fcc34bd3e609b85ab42b1c61716173a50167f4299f3bd45e3e59,OBSERVED,NO,OFFICIAL_PERSON_YEARS_EMBEDDED_WITH_IARC_RECORD,HISTORICAL_IARC_1988_2017
Croatia,HRV,1990,both,182.0,4680881.0,3.070302853803185,All ages (age-standardised),3.888156951650768,,3.070302853803185,CI5 Segi/Doll world standard,1996,2001,IARC Cancer Over Time national observed C73 incidence,https://gco-api.iarc.fr/api/overtime/v2/22/,public_p25_data/iarc_cot/thyroid_incidence_02.json,bb70ec8fd7e4fcc34bd3e609b85ab42b1c61716173a50167f4299f3bd45e3e59,OBSERVED,YES,OFFICIAL_PERSON_YEARS_EMBEDDED_WITH_IARC_RECORD,HISTORICAL_IARC_1988_2017
Croatia,HRV,1990,female,146.0,2415107.0,4.70533869,All ages (age-standardised),6.045280809504507,,4.70533869,CI5 Segi/Doll world standard,1996,2001,IARC Cancer Over Time national observed C73 incidence,https://gco-api.iarc.fr/api/overtime/v2/22/,public_p25_data/iarc_cot/thyroid_incidence_02.json,bb70ec8fd7e4fcc34bd3e609b85ab42b1c61716173a50167f4299f3bd45e3e59,OBSERVED,NO,OFFICIAL_PERSON_YEARS_EMBEDDED_WITH_IARC_RECORD,HISTORICAL_IARC_1988_2017
Croatia,HRV,1990,male,36.0,2265774.0,1.30124096,All ages (age-standardised),1.5888610249742474,,1.30124096,CI5 Segi/Doll world standard,1996,2001,IARC Cancer Over Time national observed C73 incidence,https://gco-api.iarc.fr/api/overtime/v2/22/,public_p25_data/iarc_cot/thyroid_incidence_02.json,bb70ec8fd7e4fcc34bd3e609b85ab42b1c61716173a50167f4299f3bd45e3e59,OBSERVED,NO,OFFICIAL_PERSON_YEARS_EMBEDDED_WITH_IARC_RECORD,HISTORICAL_IARC_1988_2017
Croatia,HRV,1991,both,134.0,4712258.0,2.2375704869293656,All ages (age-standardised),2.8436473554716235,,2.2375704869293656,CI5 Segi/Doll world standard,1996,2001,IARC Cancer Over Time national observed C73 incidence,https://gco-api.iarc.fr/api/overtime/v2/22/,public_p25_data/iarc_cot/thyroid_incidence_02.json,bb70ec8fd7e4fcc34bd3e609b85ab42b1c61716173a50167f4299f3bd45e3e59,OBSERVED,YES,OFFICIAL_PERSON_YEARS_EMBEDDED_WITH_IARC_RECORD,HISTORICAL_IARC_1988_2017
Croatia,HRV,1991,female,106.0,2426982.0,3.55322056,All ages (age-standardised),4.367564324745713,,3.55322056,CI5 Segi/Doll world standard,1996,2001,IARC Cancer Over Time national observed C73 incidence,https://gco-api.iarc.fr/api/overtime/v2/22/,public_p25_data/iarc_cot/thyroid_incidence_02.json,bb70ec8fd7e4fcc34bd3e609b85ab42b1c61716173a50167f4299f3bd45e3e59,OBSERVED,NO,OFFICIAL_PERSON_YEARS_EMBEDDED_WITH_IARC_RECORD,HISTORICAL_IARC_1988_2017
Croatia,HRV,1991,male,28.0,2285276.0,1.01494769,All ages (age-standardised),1.2252349387995147,,1.01494769,CI5 Segi/Doll world standard,1996,2001,IARC Cancer Over Time national observed C73 incidence,https://gco-api.iarc.fr/api/overtime/v2/22/,public_p25_data/iarc_cot/thyroid_incidence_02.json,bb70ec8fd7e4fcc34bd3e609b85ab42b1c61716173a50167f4299f3bd45e3e59,OBSERVED,NO,OFFICIAL_PERSON_YEARS_EMBEDDED_WITH_IARC_RECORD,HISTORICAL_IARC_1988_2017
Croatia,HRV,1992,both,125.0,4674684.0,2.043127495631082,All ages (age-standardised),2.6739775351660136,,2.043127495631082,CI5 Segi/Doll world standard,1996,2001,IARC Cancer Over Time national observed C73 incidence,https://gco-api.iarc.fr/api/overtime/v2/22/,public_p25_data/iarc_cot/thyroid_incidence_02.json,bb70ec8fd7e4fcc34bd3e609b85ab42b1c61716173a50167f4299f3bd45e3e59,OBSERVED,YES,OFFICIAL_PERSON_YEARS_EMBEDDED_WITH_IARC_RECORD,HISTORICAL_IARC_1988_2017
Croatia,HRV,1992,female,98.0,2409585.0,2.97591967,All ages (age-standardised),4.0670903910839415,,2.97591967,CI5 Segi/Doll world standard,1996,2001,IARC Cancer Over Time national observed C73 incidence,https://gco-api.iarc.fr/api/overtime/v2/22/,public_p25_data/iarc_cot/thyroid_incidence_02.json,bb70ec8fd7e4fcc34bd3e609b85ab42b1c61716173a50167f4299f3bd45e3e59,OBSERVED,NO,OFFICIAL_PERSON_YEARS_EMBEDDED_WITH_IARC_RECORD,HISTORICAL_IARC_1988_2017
Croatia,HRV,1992,male,27.0,2265099.0,0.99973566,All ages (age-standardised),1.1920008794317598,,0.99973566,CI5 Segi/Doll world standard,1996,2001,IARC Cancer Over Time national observed C73 incidence,https://gco-api.iarc.fr/api/overtime/v2/22/,public_p25_data/iarc_cot/thyroid_incidence_02.json,bb70ec8fd7e4fcc34bd3e609b85ab42b1c61716173a50167f4299f3bd45e3e59,OBSERVED,NO,OFFICIAL_PERSON_YEARS_EMBEDDED_WITH_IARC_RECORD,HISTORICAL_IARC_1988_2017
Croatia,HRV,1993,both,202.0,4638896.0,3.3392868016318498,All ages (age-standardised),4.354484342826397,,3.3392868016318498,CI5 Segi/Doll world standard,1996,2001,IARC Cancer Over Time national observed C73 incidence,https://gco-api.iarc.fr/api/overtime/v2/22/,public_p25_data/iarc_cot/thyroid_incidence_02.json,bb70ec8fd7e4fcc34bd3e609b85ab42b1c61716173a50167f4299f3bd45e3e59,OBSERVED,YES,OFFICIAL_PERSON_YEARS_EMBEDDED_WITH_IARC_RECORD,HISTORICAL_IARC_1988_2017
Croatia,HRV,1993,female,160.0,2393020.0,4.97205327,All ages (age-standardised),6.686112109384794,,4.97205327,CI5 Segi/Doll world standard,1996,2001,IARC Cancer Over Time national observed C73 incidence,https://gco-api.iarc.fr/api/overtime/v2/22/,public_p25_data/iarc_cot/thyroid_incidence_02.json,bb70ec8fd7e4fcc34bd3e609b85ab42b1c61716173a50167f4299f3bd45e3e59,OBSERVED,NO,OFFICIAL_PERSON_YEARS_EMBEDDED_WITH_IARC_RECORD,HISTORICAL_IARC_1988_2017
Croatia,HRV,1993,male,42.0,2245876.0,1.6084303,All ages (age-standardised),1.8700943418069385,,1.6084303,CI5 Segi/Doll world standard,1996,2001,IARC Cancer Over Time national observed C73 incidence,https://gco-api.iarc.fr/api/overtime/v2/22/,public_p25_data/iarc_cot/thyroid_incidence_02.json,bb70ec8fd7e4fcc34bd3e609b85ab42b1c61716173a50167f4299f3bd45e3e59,OBSERVED,NO,OFFICIAL_PERSON_YEARS_EMBEDDED_WITH_IARC_RECORD,HISTORICAL_IARC_1988_2017
Croatia,HRV,1994,both,158.0,4604915.0,2.601028009660029,All ages (age-standardised),3.431116535267209,,2.601028009660029,CI5 Segi/Doll world standard,1996,2001,IARC Cancer Over Time national observed C73 incidence,https://gco-api.iarc.fr/api/overtime/v2/22/,public_p25_data/iarc_cot/thyroid_incidence_02.json,bb70ec8fd7e4fcc34bd3e609b85ab42b1c61716173a50167f4299f3bd45e3e59,OBSERVED,YES,OFFICIAL_PERSON_YEARS_EMBEDDED_WITH_IARC_RECORD,HISTORICAL_IARC_1988_2017
Croatia,HRV,1994,female,125.0,2377299.0,3.93522069,All ages (age-standardised),5.258068084830726,,3.93522069,CI5 Segi/Doll world standard,1996,2001,IARC Cancer Over Time national observed C73 incidence,https://gco-api.iarc.fr/api/overtime/v2/22/,public_p25_data/iarc_cot/thyroid_incidence_02.json,bb70ec8fd7e4fcc34bd3e609b85ab42b1c61716173a50167f4299f3bd45e3e59,OBSERVED,NO,OFFICIAL_PERSON_YEARS_EMBEDDED_WITH_IARC_RECORD,HISTORICAL_IARC_1988_2017
Croatia,HRV,1994,male,33.0,2227616.0,1.13912133,All ages (age-standardised),1.4814043353971242,,1.13912133,CI5 Segi/Doll world standard,1996,2001,IARC Cancer Over Time national observed C73 incidence,https://gco-api.iarc.fr/api/overtime/v2/22/,public_p25_data/iarc_cot/thyroid_incidence_02.json,bb70ec8fd7e4fcc34bd3e609b85ab42b1c61716173a50167f4299f3bd45e3e59,OBSERVED,NO,OFFICIAL_PERSON_YEARS_EMBEDDED_WITH_IARC_RECORD,HISTORICAL_IARC_1988_2017
Croatia,HRV,1995,both,237.0,4572737.0,4.02677602498024,All ages (age-standardised),5.1828915592565235,,4.02677602498024,CI5 Segi/Doll world standard,1996,2001,IARC Cancer Over Time national observed C73 incidence,https://gco-api.iarc.fr/api/overtime/v2/22/,public_p25_data/iarc_cot/thyroid_incidence_02.json,bb70ec8fd7e4fcc34bd3e609b85ab42b1c61716173a50167f4299f3bd45e3e59,OBSERVED,YES,OFFICIAL_PERSON_YEARS_EMBEDDED_WITH_IARC_RECORD,HISTORICAL_IARC_1988_2017
Croatia,HRV,1995,female,183.0,2362421.0,6.09610873,All ages (age-standardised),7.746290775437571,,6.09610873,CI5 Segi/Doll world standard,1996,2001,IARC Cancer Over Time national observed C73 incidence,https://gco-api.iarc.fr/api/overtime/v2/22/,public_p25_data/iarc_cot/thyroid_incidence_02.json,bb70ec8fd7e4fcc34bd3e609b85ab42b1c61716173a50167f4299f3bd45e3e59,OBSERVED,NO,OFFICIAL_PERSON_YEARS_EMBEDDED_WITH_IARC_RECORD,HISTORICAL_IARC_1988_2017
Croatia,HRV,1995,male,54.0,2210316.0,1.93997611,All ages (age-standardised),2.4430895853805517,,1.93997611,CI5 Segi/Doll world standard,1996,2001,IARC Cancer Over Time national observed C73 incidence,https://gco-api.iarc.fr/api/overtime/v2/22/,public_p25_data/iarc_cot/thyroid_incidence_02.json,bb70ec8fd7e4fcc34bd3e609b85ab42b1c61716173a50167f4299f3bd45e3e59,OBSERVED,NO,OFFICIAL_PERSON_YEARS_EMBEDDED_WITH_IARC_RECORD,HISTORICAL_IARC_1988_2017
Croatia,HRV,1996,both,213.0,4542368.0,3.595420368753068,All ages (age-standardised),4.689184143600871,,3.595420368753068,CI5 Segi/Doll world standard,1996,2001,IARC Cancer Over Time national observed C73 incidence,https://gco-api.iarc.fr/api/overtime/v2/22/,public_p25_data/iarc_cot/thyroid_incidence_02.json,bb70ec8fd7e4fcc34bd3e609b85ab42b1c61716173a50167f4299f3bd45e3e59,OBSERVED,YES,OFFICIAL_PERSON_YEARS_EMBEDDED_WITH_IARC_RECORD,HISTORICAL_IARC_1988_2017
Croatia,HRV,1996,female,173.0,2348383.0,5.70205756,All ages (age-standardised),7.366771093130891,,5.70205756,CI5 Segi/Doll world standard,1996,2001,IARC Cancer Over Time national observed C73 incidence,https://gco-api.iarc.fr/api/overtime/v2/22/,public_p25_data/iarc_cot/thyroid_incidence_02.json,bb70ec8fd7e4fcc34bd3e609b85ab42b1c61716173a50167f4299f3bd45e3e59,OBSERVED,NO,OFFICIAL_PERSON_YEARS_EMBEDDED_WITH_IARC_RECORD,HISTORICAL_IARC_1988_2017
Croatia,HRV,1996,male,40.0,2193985.0,1.42830533,All ages (age-standardised),1.8231665211931714,,1.42830533,CI5 Segi/Doll world standard,1996,2001,IARC Cancer Over Time national observed C73 incidence,https://gco-api.iarc.fr/api/overtime/v2/22/,public_p25_data/iarc_cot/thyroid_incidence_02.json,bb70ec8fd7e4fcc34bd3e609b85ab42b1c61716173a50167f4299f3bd45e3e59,OBSERVED,NO,OFFICIAL_PERSON_YEARS_EMBEDDED_WITH_IARC_RECORD,HISTORICAL_IARC_1988_2017
Croatia,HRV,1997,both,229.0,4513828.0,3.8161951902219786,All ages (age-standardised),5.0732992041344955,,3.8161951902219786,CI5 Segi/Doll world standard,1996,2001,IARC Cancer Over Time national observed C73 incidence,https://gco-api.iarc.fr/api/overtime/v2/22/,public_p25_data/iarc_cot/thyroid_incidence_02.json,bb70ec8fd7e4fcc34bd3e609b85ab42b1c61716173a50167f4299f3bd45e3e59,OBSERVED,YES,OFFICIAL_PERSON_YEARS_EMBEDDED_WITH_IARC_RECORD,HISTORICAL_IARC_1988_2017
Croatia,HRV,1997,female,175.0,2335198.0,5.67447544,All ages (age-standardised),7.494011214466611,,5.67447544,CI5 Segi/Doll world standard,1996,2001,IARC Cancer Over Time national observed C73 incidence,https://gco-api.iarc.fr/api/overtime/v2/22/,public_p25_data/iarc_cot/thyroid_incidence_02.json,bb70ec8fd7e4fcc34bd3e609b85ab42b1c61716173a50167f4299f3bd45e3e59,OBSERVED,NO,OFFICIAL_PERSON_YEARS_EMBEDDED_WITH_IARC_RECORD,HISTORICAL_IARC_1988_2017
Croatia,HRV,1997,male,54.0,2178630.0,1.99529689,All ages (age-standardised),2.4786218862312555,,1.99529689,CI5 Segi/Doll world standard,1996,2001,IARC Cancer Over Time national observed C73 incidence,https://gco-api.iarc.fr/api/overtime/v2/22/,public_p25_data/iarc_cot/thyroid_incidence_02.json,bb70ec8fd7e4fcc34bd3e609b85ab42b1c61716173a50167f4299f3bd45e3e59,OBSERVED,NO,OFFICIAL_PERSON_YEARS_EMBEDDED_WITH_IARC_RECORD,HISTORICAL_IARC_1988_2017
Croatia,HRV,1998,both,238.0,4487121.0,4.021536557440179,All ages (age-standardised),5.304069134752551,,4.021536557440179,CI5 Segi/Doll world standard,1996,2001,IARC Cancer Over Time national observed C73 incidence,https://gco-api.iarc.fr/api/overtime/v2/22/,public_p25_data/iarc_cot/thyroid_incidence_02.json,bb70ec8fd7e4fcc34bd3e609b85ab42b1c61716173a50167f4299f3bd45e3e59,OBSERVED,YES,OFFICIAL_PERSON_YEARS_EMBEDDED_WITH_IARC_RECORD,HISTORICAL_IARC_1988_2017
Croatia,HRV,1998,female,194.0,2322863.0,6.51469523,All ages (age-standardised),8.351762458655546,,6.51469523,CI5 Segi/Doll world standard,1996,2001,IARC Cancer Over Time national observed C73 incidence,https://gco-api.iarc.fr/api/overtime/v2/22/,public_p25_data/iarc_cot/thyroid_incidence_02.json,bb70ec8fd7e4fcc34bd3e609b85ab42b1c61716173a50167f4299f3bd45e3e59,OBSERVED,NO,OFFICIAL_PERSON_YEARS_EMBEDDED_WITH_IARC_RECORD,HISTORICAL_IARC_1988_2017
Croatia,HRV,1998,male,44.0,2164258.0,1.5914796,All ages (age-standardised),2.0330293338409744,,1.5914796,CI5 Segi/Doll world standard,1996,2001,IARC Cancer Over Time national observed C73 incidence,https://gco-api.iarc.fr/api/overtime/v2/22/,public_p25_data/iarc_cot/thyroid_incidence_02.json,bb70ec8fd7e4fcc34bd3e609b85ab42b1c61716173a50167f4299f3bd45e3e59,OBSERVED,NO,OFFICIAL_PERSON_YEARS_EMBEDDED_WITH_IARC_RECORD,HISTORICAL_IARC_1988_2017
Croatia,HRV,1999,both,360.0,4462257.0,6.144773454921441,All ages (age-standardised),8.067666205689184,,6.144773454921441,CI5 Segi/Doll world standard,1996,2001,IARC Cancer Over Time national observed C73 incidence,https://gco-api.iarc.fr/api/overtime/v2/22/,public_p25_data/iarc_cot/thyroid_incidence_02.json,bb70ec8fd7e4fcc34bd3e609b85ab42b1c61716173a50167f4299f3bd45e3e59,OBSERVED,YES,OFFICIAL_PERSON_YEARS_EMBEDDED_WITH_IARC_RECORD,HISTORICAL_IARC_1988_2017
Croatia,HRV,1999,female,283.0,2311381.0,9.50267245,All ages (age-standardised),12.243762495235533,,9.50267245,CI5 Segi/Doll world standard,1996,2001,IARC Cancer Over Time national observed C73 incidence,https://gco-api.iarc.fr/api/overtime/v2/22/,public_p25_data/iarc_cot/thyroid_incidence_02.json,bb70ec8fd7e4fcc34bd3e609b85ab42b1c61716173a50167f4299f3bd45e3e59,OBSERVED,NO,OFFICIAL_PERSON_YEARS_EMBEDDED_WITH_IARC_RECORD,HISTORICAL_IARC_1988_2017
Croatia,HRV,1999,male,77.0,2150876.0,2.7121666,All ages (age-standardised),3.579936732754468,,2.7121666,CI5 Segi/Doll world standard,1996,2001,IARC Cancer Over Time national observed C73 incidence,https://gco-api.iarc.fr/api/overtime/v2/22/,public_p25_data/iarc_cot/thyroid_incidence_02.json,bb70ec8fd7e4fcc34bd3e609b85ab42b1c61716173a50167f4299f3bd45e3e59,OBSERVED,NO,OFFICIAL_PERSON_YEARS_EMBEDDED_WITH_IARC_RECORD,HISTORICAL_IARC_1988_2017
Croatia,HRV,2000,both,335.0,4381352.0,6.212482862576981,All ages (age-standardised),7.64604167845907,,6.212482862576981,CI5 Segi/Doll world standard,1996,2001,IARC Cancer Over Time national observed C73 incidence,https://gco-api.iarc.fr/api/overtime/v2/22/,public_p25_data/iarc_cot/thyroid_incidence_02.json,bb70ec8fd7e4fcc34bd3e609b85ab42b1c61716173a50167f4299f3bd45e3e59,OBSERVED,YES,OFFICIAL_PERSON_YEARS_EMBEDDED_WITH_IARC_RECORD,HISTORICAL_IARC_1988_2017
Croatia,HRV,2000,female,261.0,2275761.0,9.38239732,All ages (age-standardised),11.468691132328921,,9.38239732,CI5 Segi/Doll world standard,1996,2001,IARC Cancer Over Time national observed C73 incidence,https://gco-api.iarc.fr/api/overtime/v2/22/,public_p25_data/iarc_cot/thyroid_incidence_02.json,bb70ec8fd7e4fcc34bd3e609b85ab42b1c61716173a50167f4299f3bd45e3e59,OBSERVED,NO,OFFICIAL_PERSON_YEARS_EMBEDDED_WITH_IARC_RECORD,HISTORICAL_IARC_1988_2017
Croatia,HRV,2000,male,74.0,2105591.0,2.86726481,All ages (age-standardised),3.5144527118514466,,2.86726481,CI5 Segi/Doll world standard,1996,2001,IARC Cancer Over Time national observed C73 incidence,https://gco-api.iarc.fr/api/overtime/v2/22/,public_p25_data/iarc_cot/thyroid_incidence_02.json,bb70ec8fd7e4fcc34bd3e609b85ab42b1c61716173a50167f4299f3bd45e3e59,OBSERVED,NO,OFFICIAL_PERSON_YEARS_EMBEDDED_WITH_IARC_RECORD,HISTORICAL_IARC_1988_2017
Croatia,HRV,2001,both,315.0,4420333.0,5.2456495656032525,All ages (age-standardised),7.126159952202696,,5.2456495656032525,CI5 Segi/Doll world standard,1996,2001,IARC Cancer Over Time national observed C73 incidence,https://gco-api.iarc.fr/api/overtime/v2/22/,public_p25_data/iarc_cot/thyroid_incidence_02.json,bb70ec8fd7e4fcc34bd3e609b85ab42b1c61716173a50167f4299f3bd45e3e59,OBSERVED,YES,OFFICIAL_PERSON_YEARS_EMBEDDED_WITH_IARC_RECORD,HISTORICAL_IARC_1988_2017
Croatia,HRV,2001,female,262.0,2292083.0,8.42399119,All ages (age-standardised),11.430650635251864,,8.42399119,CI5 Segi/Doll world standard,1996,2001,IARC Cancer Over Time national observed C73 incidence,https://gco-api.iarc.fr/api/overtime/v2/22/,public_p25_data/iarc_cot/thyroid_incidence_02.json,bb70ec8fd7e4fcc34bd3e609b85ab42b1c61716173a50167f4299f3bd45e3e59,OBSERVED,NO,OFFICIAL_PERSON_YEARS_EMBEDDED_WITH_IARC_RECORD,HISTORICAL_IARC_1988_2017
Croatia,HRV,2001,male,53.0,2128250.0,1.87482729,All ages (age-standardised),2.4903089392693527,,1.87482729,CI5 Segi/Doll world standard,1996,2001,IARC Cancer Over Time national observed C73 incidence,https://gco-api.iarc.fr/api/overtime/v2/22/,public_p25_data/iarc_cot/thyroid_incidence_02.json,bb70ec8fd7e4fcc34bd3e609b85ab42b1c61716173a50167f4299f3bd45e3e59,OBSERVED,NO,OFFICIAL_PERSON_YEARS_EMBEDDED_WITH_IARC_RECORD,HISTORICAL_IARC_1988_2017
Croatia,HRV,2002,both,339.0,4421097.0,5.74408808788342,All ages (age-standardised),7.667780191205938,,5.74408808788342,CI5 Segi/Doll world standard,1996,2001,IARC Cancer Over Time national observed C73 incidence,https://gco-api.iarc.fr/api/overtime/v2/22/,public_p25_data/iarc_cot/thyroid_incidence_02.json,bb70ec8fd7e4fcc34bd3e609b85ab42b1c61716173a50167f4299f3bd45e3e59,OBSERVED,YES,OFFICIAL_PERSON_YEARS_EMBEDDED_WITH_IARC_RECORD,HISTORICAL_IARC_1988_2017
Croatia,HRV,2002,female,275.0,2293022.0,9.06497596,All ages (age-standardised),11.992907176642875,,9.06497596,CI5 Segi/Doll world standard,1996,2001,IARC Cancer Over Time national observed C73 incidence,https://gco-api.iarc.fr/api/overtime/v2/22/,public_p25_data/iarc_cot/thyroid_incidence_02.json,bb70ec8fd7e4fcc34bd3e609b85ab42b1c61716173a50167f4299f3bd45e3e59,OBSERVED,NO,OFFICIAL_PERSON_YEARS_EMBEDDED_WITH_IARC_RECORD,HISTORICAL_IARC_1988_2017
Croatia,HRV,2002,male,64.0,2128075.0,2.24070107,All ages (age-standardised),3.0074128026502827,,2.24070107,CI5 Segi/Doll world standard,1996,2001,IARC Cancer Over Time national observed C73 incidence,https://gco-api.iarc.fr/api/overtime/v2/22/,public_p25_data/iarc_cot/thyroid_incidence_02.json,bb70ec8fd7e4fcc34bd3e609b85ab42b1c61716173a50167f4299f3bd45e3e59,OBSERVED,NO,OFFICIAL_PERSON_YEARS_EMBEDDED_WITH_IARC_RECORD,HISTORICAL_IARC_1988_2017
Croatia,HRV,2003,both,364.0,4421015.0,6.075978670800036,All ages (age-standardised),8.23340341527907,,6.075978670800036,CI5 Segi/Doll world standard,1996,2001,IARC Cancer Over Time national observed C73 incidence,https://gco-api.iarc.fr/api/overtime/v2/22/,public_p25_data/iarc_cot/thyroid_incidence_02.json,bb70ec8fd7e4fcc34bd3e609b85ab42b1c61716173a50167f4299f3bd45e3e59,OBSERVED,YES,OFFICIAL_PERSON_YEARS_EMBEDDED_WITH_IARC_RECORD,HISTORICAL_IARC_1988_2017
Croatia,HRV,2003,female,295.0,2292724.0,9.65388612,All ages (age-standardised),12.866790769407919,,9.65388612,CI5 Segi/Doll world standard,1996,2001,IARC Cancer Over Time national observed C73 incidence,https://gco-api.iarc.fr/api/overtime/v2/22/,public_p25_data/iarc_cot/thyroid_incidence_02.json,bb70ec8fd7e4fcc34bd3e609b85ab42b1c61716173a50167f4299f3bd45e3e59,OBSERVED,NO,OFFICIAL_PERSON_YEARS_EMBEDDED_WITH_IARC_RECORD,HISTORICAL_IARC_1988_2017
Croatia,HRV,2003,male,69.0,2128291.0,2.35852805,All ages (age-standardised),3.2420378604241615,,2.35852805,CI5 Segi/Doll world standard,1996,2001,IARC Cancer Over Time national observed C73 incidence,https://gco-api.iarc.fr/api/overtime/v2/22/,public_p25_data/iarc_cot/thyroid_incidence_02.json,bb70ec8fd7e4fcc34bd3e609b85ab42b1c61716173a50167f4299f3bd45e3e59,OBSERVED,NO,OFFICIAL_PERSON_YEARS_EMBEDDED_WITH_IARC_RECORD,HISTORICAL_IARC_1988_2017
Croatia,HRV,2004,both,408.0,4420096.0,6.672201657806007,All ages (age-standardised),9.230568747828102,,6.672201657806007,CI5 Segi/Doll world standard,1996,2001,IARC Cancer Over Time national observed C73 incidence,https://gco-api.iarc.fr/api/overtime/v2/22/,public_p25_data/iarc_cot/thyroid_incidence_02.json,bb70ec8fd7e4fcc34bd3e609b85ab42b1c61716173a50167f4299f3bd45e3e59,OBSERVED,YES,OFFICIAL_PERSON_YEARS_EMBEDDED_WITH_IARC_RECORD,HISTORICAL_IARC_1988_2017
Croatia,HRV,2004,female,318.0,2291945.0,10.22040612,All ages (age-standardised),13.874678493593867,,10.22040612,CI5 Segi/Doll world standard,1996,2001,IARC Cancer Over Time national observed C73 incidence,https://gco-api.iarc.fr/api/overtime/v2/22/,public_p25_data/iarc_cot/thyroid_incidence_02.json,bb70ec8fd7e4fcc34bd3e609b85ab42b1c61716173a50167f4299f3bd45e3e59,OBSERVED,NO,OFFICIAL_PERSON_YEARS_EMBEDDED_WITH_IARC_RECORD,HISTORICAL_IARC_1988_2017
Croatia,HRV,2004,male,90.0,2128151.0,2.95816555,All ages (age-standardised),4.229023222506298,,2.95816555,CI5 Segi/Doll world standard,1996,2001,IARC Cancer Over Time national observed C73 incidence,https://gco-api.iarc.fr/api/overtime/v2/22/,public_p25_data/iarc_cot/thyroid_incidence_02.json,bb70ec8fd7e4fcc34bd3e609b85ab42b1c61716173a50167f4299f3bd45e3e59,OBSERVED,NO,OFFICIAL_PERSON_YEARS_EMBEDDED_WITH_IARC_RECORD,HISTORICAL_IARC_1988_2017
Croatia,HRV,2005,both,433.0,4422744.0,6.9839540394693325,All ages (age-standardised),9.790302129175915,,6.9839540394693325,CI5 Segi/Doll world standard,1996,2001,IARC Cancer Over Time national observed C73 incidence,https://gco-api.iarc.fr/api/overtime/v2/22/,public_p25_data/iarc_cot/thyroid_incidence_02.json,bb70ec8fd7e4fcc34bd3e609b85ab42b1c61716173a50167f4299f3bd45e3e59,OBSERVED,YES,OFFICIAL_PERSON_YEARS_EMBEDDED_WITH_IARC_RECORD,HISTORICAL_IARC_1988_2017
Croatia,HRV,2005,female,347.0,2292808.0,10.81054903,All ages (age-standardised),15.134280759662389,,10.81054903,CI5 Segi/Doll world standard,1996,2001,IARC Cancer Over Time national observed C73 incidence,https://gco-api.iarc.fr/api/overtime/v2/22/,public_p25_data/iarc_cot/thyroid_incidence_02.json,bb70ec8fd7e4fcc34bd3e609b85ab42b1c61716173a50167f4299f3bd45e3e59,OBSERVED,NO,OFFICIAL_PERSON_YEARS_EMBEDDED_WITH_IARC_RECORD,HISTORICAL_IARC_1988_2017
Croatia,HRV,2005,male,86.0,2129936.0,2.89846105,All ages (age-standardised),4.037680005408613,,2.89846105,CI5 Segi/Doll world standard,1996,2001,IARC Cancer Over Time national observed C73 incidence,https://gco-api.iarc.fr/api/overtime/v2/22/,public_p25_data/iarc_cot/thyroid_incidence_02.json,bb70ec8fd7e4fcc34bd3e609b85ab42b1c61716173a50167f4299f3bd45e3e59,OBSERVED,NO,OFFICIAL_PERSON_YEARS_EMBEDDED_WITH_IARC_RECORD,HISTORICAL_IARC_1988_2017
Croatia,HRV,2006,both,431.0,4420793.0,7.15334068658957,All ages (age-standardised),9.749382067877868,,7.15334068658957,CI5 Segi/Doll world standard,1996,2001,IARC Cancer Over Time national observed C73 incidence,https://gco-api.iarc.fr/api/overtime/v2/22/,public_p25_data/iarc_cot/thyroid_incidence_02.json,bb70ec8fd7e4fcc34bd3e609b85ab42b1c61716173a50167f4299f3bd45e3e59,OBSERVED,YES,OFFICIAL_PERSON_YEARS_EMBEDDED_WITH_IARC_RECORD,HISTORICAL_IARC_1988_2017
Croatia,HRV,2006,female,342.0,2290576.0,10.90889501,All ages (age-standardised),14.93074231110428,,10.90889501,CI5 Segi/Doll world standard,1996,2001,IARC Cancer Over Time national observed C73 incidence,https://gco-api.iarc.fr/api/overtime/v2/22/,public_p25_data/iarc_cot/thyroid_incidence_02.json,bb70ec8fd7e4fcc34bd3e609b85ab42b1c61716173a50167f4299f3bd45e3e59,OBSERVED,NO,OFFICIAL_PERSON_YEARS_EMBEDDED_WITH_IARC_RECORD,HISTORICAL_IARC_1988_2017
Croatia,HRV,2006,male,89.0,2130217.0,3.17912531,All ages (age-standardised),4.17797811208905,,3.17912531,CI5 Segi/Doll world standard,1996,2001,IARC Cancer Over Time national observed C73 incidence,https://gco-api.iarc.fr/api/overtime/v2/22/,public_p25_data/iarc_cot/thyroid_incidence_02.json,bb70ec8fd7e4fcc34bd3e609b85ab42b1c61716173a50167f4299f3bd45e3e59,OBSERVED,NO,OFFICIAL_PERSON_YEARS_EMBEDDED_WITH_IARC_RECORD,HISTORICAL_IARC_1988_2017
Croatia,HRV,2007,both,476.0,4416766.0,7.729920156517013,All ages (age-standardised),10.777116107124534,,7.729920156517013,CI5 Segi/Doll world standard,1996,2001,IARC Cancer Over Time national observed C73 incidence,https://gco-api.iarc.fr/api/overtime/v2/22/,public_p25_data/iarc_cot/thyroid_incidence_02.json,bb70ec8fd7e4fcc34bd3e609b85ab42b1c61716173a50167f4299f3bd45e3e59,OBSERVED,YES,OFFICIAL_PERSON_YEARS_EMBEDDED_WITH_IARC_RECORD,HISTORICAL_IARC_1988_2017
Croatia,HRV,2007,female,399.0,2287490.0,12.6120971,All ages (age-standardised),17.442699203056623,,12.6120971,CI5 Segi/Doll world standard,1996,2001,IARC Cancer Over Time national observed C73 incidence,https://gco-api.iarc.fr/api/overtime/v2/22/,public_p25_data/iarc_cot/thyroid_incidence_02.json,bb70ec8fd7e4fcc34bd3e609b85ab42b1c61716173a50167f4299f3bd45e3e59,OBSERVED,NO,OFFICIAL_PERSON_YEARS_EMBEDDED_WITH_IARC_RECORD,HISTORICAL_IARC_1988_2017
Croatia,HRV,2007,male,77.0,2129276.0,2.59873257,All ages (age-standardised),3.616252660528743,,2.59873257,CI5 Segi/Doll world standard,1996,2001,IARC Cancer Over Time national observed C73 incidence,https://gco-api.iarc.fr/api/overtime/v2/22/,public_p25_data/iarc_cot/thyroid_incidence_02.json,bb70ec8fd7e4fcc34bd3e609b85ab42b1c61716173a50167f4299f3bd45e3e59,OBSERVED,NO,OFFICIAL_PERSON_YEARS_EMBEDDED_WITH_IARC_RECORD,HISTORICAL_IARC_1988_2017
Croatia,HRV,2008,both,522.0,4415309.0,8.576993008120587,All ages (age-standardised),11.822502117065872,,8.576993008120587,CI5 Segi/Doll world standard,1996,2001,IARC Cancer Over Time national observed C73 incidence,https://gco-api.iarc.fr/api/overtime/v2/22/,public_p25_data/iarc_cot/thyroid_incidence_02.json,bb70ec8fd7e4fcc34bd3e609b85ab42b1c61716173a50167f4299f3bd45e3e59,OBSERVED,YES,OFFICIAL_PERSON_YEARS_EMBEDDED_WITH_IARC_RECORD,HISTORICAL_IARC_1988_2017
Croatia,HRV,2008,female,422.0,2285979.0,13.5047817,All ages (age-standardised),18.460362059319003,,13.5047817,CI5 Segi/Doll world standard,1996,2001,IARC Cancer Over Time national observed C73 incidence,https://gco-api.iarc.fr/api/overtime/v2/22/,public_p25_data/iarc_cot/thyroid_incidence_02.json,bb70ec8fd7e4fcc34bd3e609b85ab42b1c61716173a50167f4299f3bd45e3e59,OBSERVED,NO,OFFICIAL_PERSON_YEARS_EMBEDDED_WITH_IARC_RECORD,HISTORICAL_IARC_1988_2017
Croatia,HRV,2008,male,100.0,2129330.0,3.41618029,All ages (age-standardised),4.6963129247228,,3.41618029,CI5 Segi/Doll world standard,1996,2001,IARC Cancer Over Time national observed C73 incidence,https://gco-api.iarc.fr/api/overtime/v2/22/,public_p25_data/iarc_cot/thyroid_incidence_02.json,bb70ec8fd7e4fcc34bd3e609b85ab42b1c61716173a50167f4299f3bd45e3e59,OBSERVED,NO,OFFICIAL_PERSON_YEARS_EMBEDDED_WITH_IARC_RECORD,HISTORICAL_IARC_1988_2017
Croatia,HRV,2009,both,536.0,4409885.0,8.93145210405248,All ages (age-standardised),12.154511965731531,,8.93145210405248,CI5 Segi/Doll world standard,1996,2001,IARC Cancer Over Time national observed C73 incidence,https://gco-api.iarc.fr/api/overtime/v2/22/,public_p25_data/iarc_cot/thyroid_incidence_02.json,bb70ec8fd7e4fcc34bd3e609b85ab42b1c61716173a50167f4299f3bd45e3e59,OBSERVED,YES,OFFICIAL_PERSON_YEARS_EMBEDDED_WITH_IARC_RECORD,HISTORICAL_IARC_1988_2017
Croatia,HRV,2009,female,415.0,2282343.0,13.73014003,All ages (age-standardised),18.183068890171196,,13.73014003,CI5 Segi/Doll world standard,1996,2001,IARC Cancer Over Time national observed C73 incidence,https://gco-api.iarc.fr/api/overtime/v2/22/,public_p25_data/iarc_cot/thyroid_incidence_02.json,bb70ec8fd7e4fcc34bd3e609b85ab42b1c61716173a50167f4299f3bd45e3e59,OBSERVED,NO,OFFICIAL_PERSON_YEARS_EMBEDDED_WITH_IARC_RECORD,HISTORICAL_IARC_1988_2017
Croatia,HRV,2009,male,121.0,2127542.0,3.99274876,All ages (age-standardised),5.6873142809871675,,3.99274876,CI5 Segi/Doll world standard,1996,2001,IARC Cancer Over Time national observed C73 incidence,https://gco-api.iarc.fr/api/overtime/v2/22/,public_p25_data/iarc_cot/thyroid_incidence_02.json,bb70ec8fd7e4fcc34bd3e609b85ab42b1c61716173a50167f4299f3bd45e3e59,OBSERVED,NO,OFFICIAL_PERSON_YEARS_EMBEDDED_WITH_IARC_RECORD,HISTORICAL_IARC_1988_2017
Croatia,HRV,2010,both,537.0,4398593.0,8.933756444158076,All ages (age-standardised),12.20844938370065,,8.933756444158076,CI5 Segi/Doll world standard,1996,2001,IARC Cancer Over Time national observed C73 incidence,https://gco-api.iarc.fr/api/overtime/v2/22/,public_p25_data/iarc_cot/thyroid_incidence_02.json,bb70ec8fd7e4fcc34bd3e609b85ab42b1c61716173a50167f4299f3bd45e3e59,OBSERVED,YES,OFFICIAL_PERSON_YEARS_EMBEDDED_WITH_IARC_RECORD,HISTORICAL_IARC_1988_2017
Croatia,HRV,2010,female,434.0,2275465.0,14.13456249,All ages (age-standardised),19.07302463452525,,14.13456249,CI5 Segi/Doll world standard,1996,2001,IARC Cancer Over Time national observed C73 incidence,https://gco-api.iarc.fr/api/overtime/v2/22/,public_p25_data/iarc_cot/thyroid_incidence_02.json,bb70ec8fd7e4fcc34bd3e609b85ab42b1c61716173a50167f4299f3bd45e3e59,OBSERVED,NO,OFFICIAL_PERSON_YEARS_EMBEDDED_WITH_IARC_RECORD,HISTORICAL_IARC_1988_2017
Croatia,HRV,2010,male,103.0,2123128.0,3.52104171,All ages (age-standardised),4.851332562144157,,3.52104171,CI5 Segi/Doll world standard,1996,2001,IARC Cancer Over Time national observed C73 incidence,https://gco-api.iarc.fr/api/overtime/v2/22/,public_p25_data/iarc_cot/thyroid_incidence_02.json,bb70ec8fd7e4fcc34bd3e609b85ab42b1c61716173a50167f4299f3bd45e3e59,OBSERVED,NO,OFFICIAL_PERSON_YEARS_EMBEDDED_WITH_IARC_RECORD,HISTORICAL_IARC_1988_2017
Croatia,HRV,2011,both,538.0,4280622.0,9.1072619572767,All ages (age-standardised),12.56826694812109,,9.1072619572767,CI5 Segi/Doll world standard,1996,2001,IARC Cancer Over Time national observed C73 incidence,https://gco-api.iarc.fr/api/overtime/v2/22/,public_p25_data/iarc_cot/thyroid_incidence_02.json,bb70ec8fd7e4fcc34bd3e609b85ab42b1c61716173a50167f4299f3bd45e3e59,OBSERVED,YES,OFFICIAL_PERSON_YEARS_EMBEDDED_WITH_IARC_RECORD,HISTORICAL_IARC_1988_2017
Croatia,HRV,2011,female,427.0,2216308.0,14.35993029,All ages (age-standardised),19.266275264990245,,14.35993029,CI5 Segi/Doll world standard,1996,2001,IARC Cancer Over Time national observed C73 incidence,https://gco-api.iarc.fr/api/overtime/v2/22/,public_p25_data/iarc_cot/thyroid_incidence_02.json,bb70ec8fd7e4fcc34bd3e609b85ab42b1c61716173a50167f4299f3bd45e3e59,OBSERVED,NO,OFFICIAL_PERSON_YEARS_EMBEDDED_WITH_IARC_RECORD,HISTORICAL_IARC_1988_2017
Croatia,HRV,2011,male,111.0,2064314.0,3.70543924,All ages (age-standardised),5.377088950615071,,3.70543924,CI5 Segi/Doll world standard,1996,2001,IARC Cancer Over Time national observed C73 incidence,https://gco-api.iarc.fr/api/overtime/v2/22/,public_p25_data/iarc_cot/thyroid_incidence_02.json,bb70ec8fd7e4fcc34bd3e609b85ab42b1c61716173a50167f4299f3bd45e3e59,OBSERVED,NO,OFFICIAL_PERSON_YEARS_EMBEDDED_WITH_IARC_RECORD,HISTORICAL_IARC_1988_2017
Croatia,HRV,2012,both,559.0,4267558.0,9.491058937798625,All ages (age-standardised),13.098826073365611,,9.491058937798625,CI5 Segi/Doll world standard,1996,2001,IARC Cancer Over Time national observed C73 incidence,https://gco-api.iarc.fr/api/overtime/v2/22/,public_p25_data/iarc_cot/thyroid_incidence_02.json,bb70ec8fd7e4fcc34bd3e609b85ab42b1c61716173a50167f4299f3bd45e3e59,OBSERVED,YES,OFFICIAL_PERSON_YEARS_EMBEDDED_WITH_IARC_RECORD,HISTORICAL_IARC_1988_2017
Croatia,HRV,2012,female,438.0,2208857.0,14.78381282,All ages (age-standardised),19.829260110545864,,14.78381282,CI5 Segi/Doll world standard,1996,2001,IARC Cancer Over Time national observed C73 incidence,https://gco-api.iarc.fr/api/overtime/v2/22/,public_p25_data/iarc_cot/thyroid_incidence_02.json,bb70ec8fd7e4fcc34bd3e609b85ab42b1c61716173a50167f4299f3bd45e3e59,OBSERVED,NO,OFFICIAL_PERSON_YEARS_EMBEDDED_WITH_IARC_RECORD,HISTORICAL_IARC_1988_2017
Croatia,HRV,2012,male,121.0,2058701.0,4.05143057,All ages (age-standardised),5.877492651919828,,4.05143057,CI5 Segi/Doll world standard,1996,2001,IARC Cancer Over Time national observed C73 incidence,https://gco-api.iarc.fr/api/overtime/v2/22/,public_p25_data/iarc_cot/thyroid_incidence_02.json,bb70ec8fd7e4fcc34bd3e609b85ab42b1c61716173a50167f4299f3bd45e3e59,OBSERVED,NO,OFFICIAL_PERSON_YEARS_EMBEDDED_WITH_IARC_RECORD,HISTORICAL_IARC_1988_2017
Croatia,HRV,2013,both,605.0,4262225.0,10.360363463546298,All ages (age-standardised),14.194464158978,,10.360363463546298,CI5 Segi/Doll world standard,1996,2001,IARC Cancer Over Time national observed C73 incidence,https://gco-api.iarc.fr/api/overtime/v2/22/,public_p25_data/iarc_cot/thyroid_incidence_02.json,bb70ec8fd7e4fcc34bd3e609b85ab42b1c61716173a50167f4299f3bd45e3e59,OBSERVED,YES,OFFICIAL_PERSON_YEARS_EMBEDDED_WITH_IARC_RECORD,HISTORICAL_IARC_1988_2017
Croatia,HRV,2013,female,454.0,2205742.0,15.39184401,All ages (age-standardised),20.582642938294686,,15.39184401,CI5 Segi/Doll world standard,1996,2001,IARC Cancer Over Time national observed C73 incidence,https://gco-api.iarc.fr/api/overtime/v2/22/,public_p25_data/iarc_cot/thyroid_incidence_02.json,bb70ec8fd7e4fcc34bd3e609b85ab42b1c61716173a50167f4299f3bd45e3e59,OBSERVED,NO,OFFICIAL_PERSON_YEARS_EMBEDDED_WITH_IARC_RECORD,HISTORICAL_IARC_1988_2017
Croatia,HRV,2013,male,151.0,2056483.0,5.19027365,All ages (age-standardised),7.342633029302942,,5.19027365,CI5 Segi/Doll world standard,1996,2001,IARC Cancer Over Time national observed C73 incidence,https://gco-api.iarc.fr/api/overtime/v2/22/,public_p25_data/iarc_cot/thyroid_incidence_02.json,bb70ec8fd7e4fcc34bd3e609b85ab42b1c61716173a50167f4299f3bd45e3e59,OBSERVED,NO,OFFICIAL_PERSON_YEARS_EMBEDDED_WITH_IARC_RECORD,HISTORICAL_IARC_1988_2017
Croatia,HRV,2014,both,650.0,4246887.0,11.243952991770733,All ages (age-standardised),15.305328349918423,,11.243952991770733,CI5 Segi/Doll world standard,1996,2001,IARC Cancer Over Time national observed C73 incidence,https://gco-api.iarc.fr/api/overtime/v2/22/,public_p25_data/iarc_cot/thyroid_incidence_02.json,bb70ec8fd7e4fcc34bd3e609b85ab42b1c61716173a50167f4299f3bd45e3e59,OBSERVED,YES,OFFICIAL_PERSON_YEARS_EMBEDDED_WITH_IARC_RECORD,HISTORICAL_IARC_1988_2017
Croatia,HRV,2014,female,526.0,2197141.0,18.02638615,All ages (age-standardised),23.940202290157984,,18.02638615,CI5 Segi/Doll world standard,1996,2001,IARC Cancer Over Time national observed C73 incidence,https://gco-api.iarc.fr/api/overtime/v2/22/,public_p25_data/iarc_cot/thyroid_incidence_02.json,bb70ec8fd7e4fcc34bd3e609b85ab42b1c61716173a50167f4299f3bd45e3e59,OBSERVED,NO,OFFICIAL_PERSON_YEARS_EMBEDDED_WITH_IARC_RECORD,HISTORICAL_IARC_1988_2017
Croatia,HRV,2014,male,124.0,2049746.0,4.26970106,All ages (age-standardised),6.049530039331703,,4.26970106,CI5 Segi/Doll world standard,1996,2001,IARC Cancer Over Time national observed C73 incidence,https://gco-api.iarc.fr/api/overtime/v2/22/,public_p25_data/iarc_cot/thyroid_incidence_02.json,bb70ec8fd7e4fcc34bd3e609b85ab42b1c61716173a50167f4299f3bd45e3e59,OBSERVED,NO,OFFICIAL_PERSON_YEARS_EMBEDDED_WITH_IARC_RECORD,HISTORICAL_IARC_1988_2017
Croatia,HRV,2015,both,776.0,4225397.0,13.571570918880012,All ages (age-standardised),18.365138234348155,,13.571570918880012,CI5 Segi/Doll world standard,1996,2001,IARC Cancer Over Time national observed C73 incidence,https://gco-api.iarc.fr/api/overtime/v2/22/,public_p25_data/iarc_cot/thyroid_incidence_02.json,bb70ec8fd7e4fcc34bd3e609b85ab42b1c61716173a50167f4299f3bd45e3e59,OBSERVED,YES,OFFICIAL_PERSON_YEARS_EMBEDDED_WITH_IARC_RECORD,HISTORICAL_IARC_1988_2017
Croatia,HRV,2015,female,620.0,2186173.0,21.38357767,All ages (age-standardised),28.360061166248048,,21.38357767,CI5 Segi/Doll world standard,1996,2001,IARC Cancer Over Time national observed C73 incidence,https://gco-api.iarc.fr/api/overtime/v2/22/,public_p25_data/iarc_cot/thyroid_incidence_02.json,bb70ec8fd7e4fcc34bd3e609b85ab42b1c61716173a50167f4299f3bd45e3e59,OBSERVED,NO,OFFICIAL_PERSON_YEARS_EMBEDDED_WITH_IARC_RECORD,HISTORICAL_IARC_1988_2017
Croatia,HRV,2015,male,156.0,2039224.0,5.57996084,All ages (age-standardised),7.649968811665614,,5.57996084,CI5 Segi/Doll world standard,1996,2001,IARC Cancer Over Time national observed C73 incidence,https://gco-api.iarc.fr/api/overtime/v2/22/,public_p25_data/iarc_cot/thyroid_incidence_02.json,bb70ec8fd7e4fcc34bd3e609b85ab42b1c61716173a50167f4299f3bd45e3e59,OBSERVED,NO,OFFICIAL_PERSON_YEARS_EMBEDDED_WITH_IARC_RECORD,HISTORICAL_IARC_1988_2017
Croatia,HRV,2016,both,667.0,4190753.0,11.391384585375349,All ages (age-standardised),15.915994094617362,,11.391384585375349,CI5 Segi/Doll world standard,1996,2001,IARC Cancer Over Time national observed C73 incidence,https://gco-api.iarc.fr/api/overtime/v2/22/,public_p25_data/iarc_cot/thyroid_incidence_02.json,bb70ec8fd7e4fcc34bd3e609b85ab42b1c61716173a50167f4299f3bd45e3e59,OBSERVED,YES,OFFICIAL_PERSON_YEARS_EMBEDDED_WITH_IARC_RECORD,HISTORICAL_IARC_1988_2017
Croatia,HRV,2016,female,511.0,2167947.0,16.94805304,All ages (age-standardised),23.570686921774378,,16.94805304,CI5 Segi/Doll world standard,1996,2001,IARC Cancer Over Time national observed C73 incidence,https://gco-api.iarc.fr/api/overtime/v2/22/,public_p25_data/iarc_cot/thyroid_incidence_02.json,bb70ec8fd7e4fcc34bd3e609b85ab42b1c61716173a50167f4299f3bd45e3e59,OBSERVED,NO,OFFICIAL_PERSON_YEARS_EMBEDDED_WITH_IARC_RECORD,HISTORICAL_IARC_1988_2017
Croatia,HRV,2016,male,156.0,2022806.0,5.64547053,All ages (age-standardised),7.712059386812181,,5.64547053,CI5 Segi/Doll world standard,1996,2001,IARC Cancer Over Time national observed C73 incidence,https://gco-api.iarc.fr/api/overtime/v2/22/,public_p25_data/iarc_cot/thyroid_incidence_02.json,bb70ec8fd7e4fcc34bd3e609b85ab42b1c61716173a50167f4299f3bd45e3e59,OBSERVED,NO,OFFICIAL_PERSON_YEARS_EMBEDDED_WITH_IARC_RECORD,HISTORICAL_IARC_1988_2017
Croatia,HRV,2017,both,713.0,4154274.0,13.032999716705955,All ages (age-standardised),17.163047020971653,,13.032999716705955,CI5 Segi/Doll world standard,1996,2001,IARC Cancer Over Time national observed C73 incidence,https://gco-api.iarc.fr/api/overtime/v2/22/,public_p25_data/iarc_cot/thyroid_incidence_02.json,bb70ec8fd7e4fcc34bd3e609b85ab42b1c61716173a50167f4299f3bd45e3e59,OBSERVED,YES,OFFICIAL_PERSON_YEARS_EMBEDDED_WITH_IARC_RECORD,HISTORICAL_IARC_1988_2017
Croatia,HRV,2017,female,561.0,2149056.0,20.43780108,All ages (age-standardised),26.10448494594836,,20.43780108,CI5 Segi/Doll world standard,1996,2001,IARC Cancer Over Time national observed C73 incidence,https://gco-api.iarc.fr/api/overtime/v2/22/,public_p25_data/iarc_cot/thyroid_incidence_02.json,bb70ec8fd7e4fcc34bd3e609b85ab42b1c61716173a50167f4299f3bd45e3e59,OBSERVED,NO,OFFICIAL_PERSON_YEARS_EMBEDDED_WITH_IARC_RECORD,HISTORICAL_IARC_1988_2017
Croatia,HRV,2017,male,152.0,2005218.0,5.50096803,All ages (age-standardised),7.5802231976772605,,5.50096803,CI5 Segi/Doll world standard,1996,2001,IARC Cancer Over Time national observed C73 incidence,https://gco-api.iarc.fr/api/overtime/v2/22/,public_p25_data/iarc_cot/thyroid_incidence_02.json,bb70ec8fd7e4fcc34bd3e609b85ab42b1c61716173a50167f4299f3bd45e3e59,OBSERVED,NO,OFFICIAL_PERSON_YEARS_EMBEDDED_WITH_IARC_RECORD,HISTORICAL_IARC_1988_2017
Croatia,HRV,2018,both,782.0,4094240.837696335,14.3,All ages (age-standardised),19.1,,14.3,World standard reported by HZJZ,1996,2001,HZJZ Croatian Cancer Registry incidence bulletin 2018,https://www.hzjz.hr/sluzba-epidemiologija-prevencija-nezaraznih-bolesti/publikacije-odjel-za-maligne-bolesti/,public_p3a1_data/raw/HRV_Bilten_2018_final.pdf,521f1dd5c4b8165cb44707d35b6bb82e296523d02a257d54704df6b7a0ac1cf2,OBSERVED,YES,DERIVED_FROM_OFFICIAL_COUNT_AND_CRUDE_RATE_NOT_USED_IN_PRIMARY_RATE_MODEL,CURRENT_HZJZ_2018_2023
Croatia,HRV,2018,female,580.0,2109090.909090909,21.12,All ages (age-standardised),27.5,,21.12,World standard reported by HZJZ,1996,2001,HZJZ Croatian Cancer Registry incidence bulletin 2018,https://www.hzjz.hr/sluzba-epidemiologija-prevencija-nezaraznih-bolesti/publikacije-odjel-za-maligne-bolesti/,public_p3a1_data/raw/HRV_Bilten_2018_final.pdf,521f1dd5c4b8165cb44707d35b6bb82e296523d02a257d54704df6b7a0ac1cf2,OBSERVED,NO,DERIVED_FROM_OFFICIAL_COUNT_AND_CRUDE_RATE_NOT_USED_IN_PRIMARY_RATE_MODEL,CURRENT_HZJZ_2018_2023
Croatia,HRV,2018,male,202.0,1980392.156862745,7.43,All ages (age-standardised),10.2,,7.43,World standard reported by HZJZ,1996,2001,HZJZ Croatian Cancer Registry incidence bulletin 2018,https://www.hzjz.hr/sluzba-epidemiologija-prevencija-nezaraznih-bolesti/publikacije-odjel-za-maligne-bolesti/,public_p3a1_data/raw/HRV_Bilten_2018_final.pdf,521f1dd5c4b8165cb44707d35b6bb82e296523d02a257d54704df6b7a0ac1cf2,OBSERVED,NO,DERIVED_FROM_OFFICIAL_COUNT_AND_CRUDE_RATE_NOT_USED_IN_PRIMARY_RATE_MODEL,CURRENT_HZJZ_2018_2023
Croatia,HRV,2019,both,831.0,4073529.4117647065,14.78,All ages (age-standardised),20.4,,14.78,World standard reported by HZJZ,1996,2001,HZJZ Croatian Cancer Registry incidence bulletin 2019,https://www.hzjz.hr/sluzba-epidemiologija-prevencija-nezaraznih-bolesti/publikacije-odjel-za-maligne-bolesti/,public_p3a1_data/raw/HRV_Bilten_2019.pdf,254ed3be4892335e5d3ad7212db03ef8271025a2fbc6db1b6a862b92a048879f,OBSERVED,YES,DERIVED_FROM_OFFICIAL_COUNT_AND_CRUDE_RATE_NOT_USED_IN_PRIMARY_RATE_MODEL,CURRENT_HZJZ_2018_2023
Croatia,HRV,2019,female,650.0,2096774.1935483871,23.1,All ages (age-standardised),31.0,,23.1,World standard reported by HZJZ,1996,2001,HZJZ Croatian Cancer Registry incidence bulletin 2019,https://www.hzjz.hr/sluzba-epidemiologija-prevencija-nezaraznih-bolesti/publikacije-odjel-za-maligne-bolesti/,public_p3a1_data/raw/HRV_Bilten_2019.pdf,254ed3be4892335e5d3ad7212db03ef8271025a2fbc6db1b6a862b92a048879f,OBSERVED,NO,DERIVED_FROM_OFFICIAL_COUNT_AND_CRUDE_RATE_NOT_USED_IN_PRIMARY_RATE_MODEL,CURRENT_HZJZ_2018_2023
Croatia,HRV,2019,male,181.0,1967391.3043478262,6.4,All ages (age-standardised),9.2,,6.4,World standard reported by HZJZ,1996,2001,HZJZ Croatian Cancer Registry incidence bulletin 2019,https://www.hzjz.hr/sluzba-epidemiologija-prevencija-nezaraznih-bolesti/publikacije-odjel-za-maligne-bolesti/,public_p3a1_data/raw/HRV_Bilten_2019.pdf,254ed3be4892335e5d3ad7212db03ef8271025a2fbc6db1b6a862b92a048879f,OBSERVED,NO,DERIVED_FROM_OFFICIAL_COUNT_AND_CRUDE_RATE_NOT_USED_IN_PRIMARY_RATE_MODEL,CURRENT_HZJZ_2018_2023
Croatia,HRV,2020,both,668.0,4048484.8484848486,12.45,All ages (age-standardised),16.5,,12.45,World standard reported by HZJZ,1996,2001,HZJZ Croatian Cancer Registry incidence bulletin 2020,https://www.hzjz.hr/sluzba-epidemiologija-prevencija-nezaraznih-bolesti/publikacije-odjel-za-maligne-bolesti/,public_p3a1_data/raw/HRV_Bilten-Incidencija-raka-u-Hrvatskoj-2020.-godine.pdf,48944f9ac35e6b7b38dccf913aca7e286ed6a34d1c8ffdc32e6239bfac0f9d33,OBSERVED,YES,DERIVED_FROM_OFFICIAL_COUNT_AND_CRUDE_RATE_NOT_USED_IN_PRIMARY_RATE_MODEL,CURRENT_HZJZ_2018_2023
Croatia,HRV,2020,female,514.0,2080971.6599190284,19.2,All ages (age-standardised),24.7,,19.2,World standard reported by HZJZ,1996,2001,HZJZ Croatian Cancer Registry incidence bulletin 2020,https://www.hzjz.hr/sluzba-epidemiologija-prevencija-nezaraznih-bolesti/publikacije-odjel-za-maligne-bolesti/,public_p3a1_data/raw/HRV_Bilten-Incidencija-raka-u-Hrvatskoj-2020.-godine.pdf,48944f9ac35e6b7b38dccf913aca7e286ed6a34d1c8ffdc32e6239bfac0f9d33,OBSERVED,NO,DERIVED_FROM_OFFICIAL_COUNT_AND_CRUDE_RATE_NOT_USED_IN_PRIMARY_RATE_MODEL,CURRENT_HZJZ_2018_2023
Croatia,HRV,2020,male,154.0,1974358.9743589745,5.73,All ages (age-standardised),7.8,,5.73,World standard reported by HZJZ,1996,2001,HZJZ Croatian Cancer Registry incidence bulletin 2020,https://www.hzjz.hr/sluzba-epidemiologija-prevencija-nezaraznih-bolesti/publikacije-odjel-za-maligne-bolesti/,public_p3a1_data/raw/HRV_Bilten-Incidencija-raka-u-Hrvatskoj-2020.-godine.pdf,48944f9ac35e6b7b38dccf913aca7e286ed6a34d1c8ffdc32e6239bfac0f9d33,OBSERVED,NO,DERIVED_FROM_OFFICIAL_COUNT_AND_CRUDE_RATE_NOT_USED_IN_PRIMARY_RATE_MODEL,CURRENT_HZJZ_2018_2023
Croatia,HRV,2021,both,712.0,3878981.0000000005,14.328562605251728,All ages (age-standardised),18.355336105023458,,14.328562605251728,Segi/Doll world standard calculated from official age-specific rates,1996,2001,HZJZ Croatian Cancer Registry 2021 detailed tables,https://www.hzjz.hr/sluzba-epidemiologija-prevencija-nezaraznih-bolesti/publikacije-odjel-za-maligne-bolesti/,public_p3a1_data/raw/HRV_Podaci-RzR-2021_ver1.0-1.xlsx,8f0169aa82512aabebb6758cfbe7ffcd6b8565960d7a1906f90f14c35ace1da6,OBSERVED,YES,DERIVED_FROM_OFFICIAL_COUNT_AND_CRUDE_RATE_NOT_USED_IN_PRIMARY_RATE_MODEL,CURRENT_HZJZ_2018_2023
Croatia,HRV,2021,female,531.0,2011026.0,21.47940896262163,All ages (age-standardised),26.4044323643752,,21.47940896262163,Segi/Doll world standard calculated from official age-specific rates,1996,2001,HZJZ Croatian Cancer Registry 2021 detailed tables,https://www.hzjz.hr/sluzba-epidemiologija-prevencija-nezaraznih-bolesti/publikacije-odjel-za-maligne-bolesti/,public_p3a1_data/raw/HRV_Podaci-RzR-2021_ver1.0-1.xlsx,8f0169aa82512aabebb6758cfbe7ffcd6b8565960d7a1906f90f14c35ace1da6,OBSERVED,NO,DERIVED_FROM_OFFICIAL_COUNT_AND_CRUDE_RATE_NOT_USED_IN_PRIMARY_RATE_MODEL,CURRENT_HZJZ_2018_2023
Croatia,HRV,2021,male,181.0,1867955.0,7.119209732146499,All ages (age-standardised),9.689740919882974,,7.119209732146499,Segi/Doll world standard calculated from official age-specific rates,1996,2001,HZJZ Croatian Cancer Registry 2021 detailed tables,https://www.hzjz.hr/sluzba-epidemiologija-prevencija-nezaraznih-bolesti/publikacije-odjel-za-maligne-bolesti/,public_p3a1_data/raw/HRV_Podaci-RzR-2021_ver1.0-1.xlsx,8f0169aa82512aabebb6758cfbe7ffcd6b8565960d7a1906f90f14c35ace1da6,OBSERVED,NO,DERIVED_FROM_OFFICIAL_COUNT_AND_CRUDE_RATE_NOT_USED_IN_PRIMARY_RATE_MODEL,CURRENT_HZJZ_2018_2023
Croatia,HRV,2022,both,759.0,3855649.364503642,14.94165,All ages (age-standardised),19.6854,,14.94165,Segi/Doll world standard calculated from official age-specific rates,1996,2001,HZJZ Croatian Cancer Registry 2022 detailed tables,https://www.hzjz.hr/sluzba-epidemiologija-prevencija-nezaraznih-bolesti/publikacije-odjel-za-maligne-bolesti/,public_p3a1_data/raw/HRV_Podaci-RzR-2022_ver1.0.xlsx,1d2c0a6b85bba55247add4b60a155256edfd1d566439f724769a7f7604b49e10,OBSERVED,YES,DERIVED_FROM_OFFICIAL_COUNT_AND_CRUDE_RATE_NOT_USED_IN_PRIMARY_RATE_MODEL,CURRENT_HZJZ_2018_2023
Croatia,HRV,2022,female,574.0,1995126.885203736,22.5322,All ages (age-standardised),28.7701,,22.5322,Segi/Doll world standard calculated from official age-specific rates,1996,2001,HZJZ Croatian Cancer Registry 2022 detailed tables,https://www.hzjz.hr/sluzba-epidemiologija-prevencija-nezaraznih-bolesti/publikacije-odjel-za-maligne-bolesti/,public_p3a1_data/raw/HRV_Podaci-RzR-2022_ver1.0.xlsx,1d2c0a6b85bba55247add4b60a155256edfd1d566439f724769a7f7604b49e10,OBSERVED,NO,DERIVED_FROM_OFFICIAL_COUNT_AND_CRUDE_RATE_NOT_USED_IN_PRIMARY_RATE_MODEL,CURRENT_HZJZ_2018_2023
Croatia,HRV,2022,male,185.0,1860511.8921908783,7.2728,All ages (age-standardised),9.9435,,7.2728,Segi/Doll world standard calculated from official age-specific rates,1996,2001,HZJZ Croatian Cancer Registry 2022 detailed tables,https://www.hzjz.hr/sluzba-epidemiologija-prevencija-nezaraznih-bolesti/publikacije-odjel-za-maligne-bolesti/,public_p3a1_data/raw/HRV_Podaci-RzR-2022_ver1.0.xlsx,1d2c0a6b85bba55247add4b60a155256edfd1d566439f724769a7f7604b49e10,OBSERVED,NO,DERIVED_FROM_OFFICIAL_COUNT_AND_CRUDE_RATE_NOT_USED_IN_PRIMARY_RATE_MODEL,CURRENT_HZJZ_2018_2023
Croatia,HRV,2023,both,876.0,3859686.0,17.835755227767745,All ages (age-standardised),22.696146784997538,,17.835755227767745,Segi/Doll world standard calculated from official age-specific rates,1996,2001,HZJZ Croatian Cancer Registry 2023 detailed tables,https://www.hzjz.hr/sluzba-epidemiologija-prevencija-nezaraznih-bolesti/publikacije-odjel-za-maligne-bolesti/,public_p3a1_data/raw/HRV_Podaci-RzR-2023_ver1.0-3.xlsx,a80cb2a429d3fbc0f211c59a7cc27514cbff431899073fcdd1aaa497ddf23957,OBSERVED,YES,DERIVED_FROM_OFFICIAL_COUNT_AND_CRUDE_RATE_NOT_USED_IN_PRIMARY_RATE_MODEL,CURRENT_HZJZ_2018_2023
Croatia,HRV,2023,female,659.0,1990202.0,27.17969222889403,All ages (age-standardised),33.11221674985755,,27.17969222889403,Segi/Doll world standard calculated from official age-specific rates,1996,2001,HZJZ Croatian Cancer Registry 2023 detailed tables,https://www.hzjz.hr/sluzba-epidemiologija-prevencija-nezaraznih-bolesti/publikacije-odjel-za-maligne-bolesti/,public_p3a1_data/raw/HRV_Podaci-RzR-2023_ver1.0-3.xlsx,a80cb2a429d3fbc0f211c59a7cc27514cbff431899073fcdd1aaa497ddf23957,OBSERVED,NO,DERIVED_FROM_OFFICIAL_COUNT_AND_CRUDE_RATE_NOT_USED_IN_PRIMARY_RATE_MODEL,CURRENT_HZJZ_2018_2023
Croatia,HRV,2023,male,217.0,1869484.0,8.587092443776475,All ages (age-standardised),11.607480994755772,,8.587092443776475,Segi/Doll world standard calculated from official age-specific rates,1996,2001,HZJZ Croatian Cancer Registry 2023 detailed tables,https://www.hzjz.hr/sluzba-epidemiologija-prevencija-nezaraznih-bolesti/publikacije-odjel-za-maligne-bolesti/,public_p3a1_data/raw/HRV_Podaci-RzR-2023_ver1.0-3.xlsx,a80cb2a429d3fbc0f211c59a7cc27514cbff431899073fcdd1aaa497ddf23957,OBSERVED,NO,DERIVED_FROM_OFFICIAL_COUNT_AND_CRUDE_RATE_NOT_USED_IN_PRIMARY_RATE_MODEL,CURRENT_HZJZ_2018_2023
