"panel","country","ISO3","year","subtype","proportion_percent","unspecified_explicit"
"A  Australia","Australia","AUS",1993,"PTC",69.4690265486726,"YES"
"A  Australia","Australia","AUS",1994,"PTC",72.5651577503429,"YES"
"A  Australia","Australia","AUS",1995,"PTC",71.1822660098522,"YES"
"A  Australia","Australia","AUS",1996,"PTC",71.6022099447514,"YES"
"A  Australia","Australia","AUS",1997,"PTC",73.7268518518518,"YES"
"A  Australia","Australia","AUS",1998,"PTC",75.4545454545455,"YES"
"A  Australia","Australia","AUS",1999,"PTC",73.8354806739346,"YES"
"A  Australia","Australia","AUS",2000,"PTC",73.8432483474976,"YES"
"A  Australia","Australia","AUS",2001,"PTC",74.6877601998335,"YES"
"A  Australia","Australia","AUS",2002,"PTC",75.1235584843493,"YES"
"A  Australia","Australia","AUS",2003,"PTC",77.2823779193206,"YES"
"A  Australia","Australia","AUS",2004,"PTC",78.1479013990673,"YES"
"A  Australia","Australia","AUS",2005,"PTC",78.5492870427774,"YES"
"A  Australia","Australia","AUS",2006,"PTC",77.3744706594071,"YES"
"A  Australia","Australia","AUS",2007,"PTC",79.1245791245791,"YES"
"A  Australia","Australia","AUS",2008,"PTC",79.4205794205794,"YES"
"A  Australia","Australia","AUS",2009,"PTC",78.4019370460048,"YES"
"A  Australia","Australia","AUS",2010,"PTC",82.5382932166302,"YES"
"A  Australia","Australia","AUS",2011,"PTC",80.3823773898587,"YES"
"A  Australia","Australia","AUS",2012,"PTC",81.7570241392956,"YES"
"A  Australia","Australia","AUS",2013,"PTC",83.2494608195543,"YES"
"A  Australia","Australia","AUS",2014,"PTC",83.1941544885177,"YES"
"A  Australia","Australia","AUS",2015,"PTC",83.7318962613675,"YES"
"A  Australia","Australia","AUS",2016,"PTC",83.3166833166833,"YES"
"A  Australia","Australia","AUS",2017,"PTC",83.0259456080025,"YES"
"B  New Zealand","New Zealand","NZL",2001,"PTC",80.9859154929577,"YES"
"B  New Zealand","New Zealand","NZL",2002,"PTC",67.7631578947368,"YES"
"B  New Zealand","New Zealand","NZL",2003,"PTC",70.0534759358289,"YES"
"B  New Zealand","New Zealand","NZL",2004,"PTC",76.4397905759162,"YES"
"B  New Zealand","New Zealand","NZL",2005,"PTC",79.0419161676647,"YES"
"B  New Zealand","New Zealand","NZL",2006,"PTC",71.4912280701754,"YES"
"B  New Zealand","New Zealand","NZL",2007,"PTC",77.3809523809524,"YES"
"B  New Zealand","New Zealand","NZL",2008,"PTC",76.6949152542373,"YES"
"B  New Zealand","New Zealand","NZL",2009,"PTC",73.3333333333333,"YES"
"B  New Zealand","New Zealand","NZL",2010,"PTC",73.4615384615385,"YES"
"B  New Zealand","New Zealand","NZL",2011,"PTC",77.3584905660377,"YES"
"B  New Zealand","New Zealand","NZL",2012,"PTC",71.7391304347826,"YES"
"B  New Zealand","New Zealand","NZL",2013,"PTC",79.4612794612795,"YES"
"B  New Zealand","New Zealand","NZL",2014,"PTC",79.5379537953795,"YES"
"B  New Zealand","New Zealand","NZL",2015,"PTC",79.047619047619,"YES"
"B  New Zealand","New Zealand","NZL",2016,"PTC",79.6657381615599,"YES"
"B  New Zealand","New Zealand","NZL",2017,"PTC",80.9815950920245,"YES"
"A  Australia","Australia","AUS",1993,"FTC",18.141592920354,"YES"
"A  Australia","Australia","AUS",1994,"FTC",16.7352537722908,"YES"
"A  Australia","Australia","AUS",1995,"FTC",20.5665024630542,"YES"
"A  Australia","Australia","AUS",1996,"FTC",18.232044198895,"YES"
"A  Australia","Australia","AUS",1997,"FTC",17.5925925925926,"YES"
"A  Australia","Australia","AUS",1998,"FTC",15.5555555555556,"YES"
"A  Australia","Australia","AUS",1999,"FTC",16.5510406342914,"YES"
"A  Australia","Australia","AUS",2000,"FTC",16.4305949008499,"YES"
"A  Australia","Australia","AUS",2001,"FTC",17.0691090757702,"YES"
"A  Australia","Australia","AUS",2002,"FTC",15.8978583196046,"YES"
"A  Australia","Australia","AUS",2003,"FTC",15.4989384288747,"YES"
"A  Australia","Australia","AUS",2004,"FTC",14.257161892072,"YES"
"A  Australia","Australia","AUS",2005,"FTC",15.1270923744575,"YES"
"A  Australia","Australia","AUS",2006,"FTC",14.821536600121,"YES"
"A  Australia","Australia","AUS",2007,"FTC",14.5342312008979,"YES"
"A  Australia","Australia","AUS",2008,"FTC",14.1858141858142,"YES"
"A  Australia","Australia","AUS",2009,"FTC",15.3026634382567,"YES"
"A  Australia","Australia","AUS",2010,"FTC",12.253829321663,"YES"
"A  Australia","Australia","AUS",2011,"FTC",12.8428927680798,"YES"
"A  Australia","Australia","AUS",2012,"FTC",13.0193905817175,"YES"
"A  Australia","Australia","AUS",2013,"FTC",11.1790079079799,"YES"
"A  Australia","Australia","AUS",2014,"FTC",11.482254697286,"YES"
"A  Australia","Australia","AUS",2015,"FTC",11.1148534860222,"YES"
"A  Australia","Australia","AUS",2016,"FTC",10.6893106893107,"YES"
"A  Australia","Australia","AUS",2017,"FTC",11.3785557986871,"YES"
"B  New Zealand","New Zealand","NZL",2001,"FTC",13.3802816901408,"YES"
"B  New Zealand","New Zealand","NZL",2002,"FTC",23.0263157894737,"YES"
"B  New Zealand","New Zealand","NZL",2003,"FTC",16.0427807486631,"YES"
"B  New Zealand","New Zealand","NZL",2004,"FTC",15.1832460732984,"YES"
"B  New Zealand","New Zealand","NZL",2005,"FTC",13.1736526946108,"YES"
"B  New Zealand","New Zealand","NZL",2006,"FTC",15.3508771929825,"YES"
"B  New Zealand","New Zealand","NZL",2007,"FTC",14.6825396825397,"YES"
"B  New Zealand","New Zealand","NZL",2008,"FTC",18.2203389830508,"YES"
"B  New Zealand","New Zealand","NZL",2009,"FTC",18.6666666666667,"YES"
"B  New Zealand","New Zealand","NZL",2010,"FTC",17.3076923076923,"YES"
"B  New Zealand","New Zealand","NZL",2011,"FTC",15.0943396226415,"YES"
"B  New Zealand","New Zealand","NZL",2012,"FTC",14.4927536231884,"YES"
"B  New Zealand","New Zealand","NZL",2013,"FTC",12.1212121212121,"YES"
"B  New Zealand","New Zealand","NZL",2014,"FTC",11.5511551155116,"YES"
"B  New Zealand","New Zealand","NZL",2015,"FTC",11.4285714285714,"YES"
"B  New Zealand","New Zealand","NZL",2016,"FTC",11.4206128133705,"YES"
"B  New Zealand","New Zealand","NZL",2017,"FTC",13.1901840490798,"YES"
"A  Australia","Australia","AUS",1993,"Unspecified morphology",3.39233038348083,"YES"
"A  Australia","Australia","AUS",1994,"Unspecified morphology",4.11522633744856,"YES"
"A  Australia","Australia","AUS",1995,"Unspecified morphology",2.46305418719212,"YES"
"A  Australia","Australia","AUS",1996,"Unspecified morphology",3.31491712707182,"YES"
"A  Australia","Australia","AUS",1997,"Unspecified morphology",2.5462962962963,"YES"
"A  Australia","Australia","AUS",1998,"Unspecified morphology",2.82828282828283,"YES"
"A  Australia","Australia","AUS",1999,"Unspecified morphology",3.66699702675917,"YES"
"A  Australia","Australia","AUS",2000,"Unspecified morphology",3.21057601510859,"YES"
"A  Australia","Australia","AUS",2001,"Unspecified morphology",2.5811823480433,"YES"
"A  Australia","Australia","AUS",2002,"Unspecified morphology",2.96540362438221,"YES"
"A  Australia","Australia","AUS",2003,"Unspecified morphology",1.6277423920736,"YES"
"A  Australia","Australia","AUS",2004,"Unspecified morphology",1.26582278481013,"YES"
"A  Australia","Australia","AUS",2005,"Unspecified morphology",2.23186608803472,"YES"
"A  Australia","Australia","AUS",2006,"Unspecified morphology",1.99637023593466,"YES"
"A  Australia","Australia","AUS",2007,"Unspecified morphology",1.73961840628507,"YES"
"A  Australia","Australia","AUS",2008,"Unspecified morphology",1.74825174825175,"YES"
"A  Australia","Australia","AUS",2009,"Unspecified morphology",1.64648910411622,"YES"
"A  Australia","Australia","AUS",2010,"Unspecified morphology",1.53172866520788,"YES"
"A  Australia","Australia","AUS",2011,"Unspecified morphology",2.03657522859518,"YES"
"A  Australia","Australia","AUS",2012,"Unspecified morphology",0.910170162247725,"YES"
"A  Australia","Australia","AUS",2013,"Unspecified morphology",1.4018691588785,"YES"
"A  Australia","Australia","AUS",2014,"Unspecified morphology",0.939457202505219,"YES"
"A  Australia","Australia","AUS",2015,"Unspecified morphology",1.07780397440216,"YES"
"A  Australia","Australia","AUS",2016,"Unspecified morphology",1.13220113220113,"YES"
"A  Australia","Australia","AUS",2017,"Unspecified morphology",1.0628321350422,"YES"
"B  New Zealand","New Zealand","NZL",2001,"Unspecified morphology",1.40845070422535,"YES"
"B  New Zealand","New Zealand","NZL",2002,"Unspecified morphology",3.94736842105263,"YES"
"B  New Zealand","New Zealand","NZL",2003,"Unspecified morphology",4.27807486631016,"YES"
"B  New Zealand","New Zealand","NZL",2004,"Unspecified morphology",2.61780104712042,"YES"
"B  New Zealand","New Zealand","NZL",2005,"Unspecified morphology",2.39520958083832,"YES"
"B  New Zealand","New Zealand","NZL",2006,"Unspecified morphology",5.26315789473684,"YES"
"B  New Zealand","New Zealand","NZL",2007,"Unspecified morphology",3.17460317460317,"YES"
"B  New Zealand","New Zealand","NZL",2008,"Unspecified morphology",2.11864406779661,"YES"
"B  New Zealand","New Zealand","NZL",2009,"Unspecified morphology",2.66666666666667,"YES"
"B  New Zealand","New Zealand","NZL",2010,"Unspecified morphology",2.69230769230769,"YES"
"B  New Zealand","New Zealand","NZL",2011,"Unspecified morphology",3.0188679245283,"YES"
"B  New Zealand","New Zealand","NZL",2012,"Unspecified morphology",4.34782608695652,"YES"
"B  New Zealand","New Zealand","NZL",2013,"Unspecified morphology",2.35690235690236,"YES"
"B  New Zealand","New Zealand","NZL",2014,"Unspecified morphology",3.63036303630363,"YES"
"B  New Zealand","New Zealand","NZL",2015,"Unspecified morphology",2.22222222222222,"YES"
"B  New Zealand","New Zealand","NZL",2016,"Unspecified morphology",1.67130919220056,"YES"
"B  New Zealand","New Zealand","NZL",2017,"Unspecified morphology",0.613496932515337,"YES"
